Police Log,,,,,,,,,,
Arizona State University Police Department,,,,,,,,,,
"Monday, January 1, 2018",,,,,,,,,,
,,,,,,,,,,
Incident #,"DateReported","TimeReported","OccurredFromThru",Description,Location,Disposition,,,,
,,Date,Time,Date,Time,,,,,
18-00003T,1-Jan,0006 hrs,1-Jan,0006 hrs,1-Jan,0006 hrs,Driving with suspended/cancelled/revoked license,"E University Dr/SMcAllister Ave",Cleared by Arrest,
18-00015T,1-Jan,0119 hrs,1-Jan,0100 hrs,1-Jan,0119 hrs,"Vehicle Burglary, Theft, Criminal Damage",Parking Area 20,Pending,
18-00031T,1-Jan,0223 hrs,1-Jan,0150 hrs,1-Jan,0155 hrs,Assault,800 Block S Mill Ave,Pending,
18-00032T,1-Jan,0221 hrs,1-Dec,2100 hrs,1-Jan,0130 hrs,"Vehicle Burglary, Theft, Criminal Damage",Parking Area 20,Pending,
,,,,,,,,,,
,,,,,,,,,,
,,,,,,,,,,
,,,,,,,,,,
,,,,,,,,,,
,,,,,,,,,,
,,,,,,,,,,
,,,,,,,,,,
,,,,,,,,,,
,,,,,,,,,,
,,,,,,,,,,
,,,,,,,,,,
,,,,,,,,,,
,,,,,,,,,,
,,,,,,,,,,
,,,,,,,,,,
,,,,,,,,,,
Incident #,"DateReported","TimeReported","OccurredFromThru",Description,Location,Disposition,,,,
,,Date,Time,Date,Time,,,,,
18-0336P,2-Jan,1128 hrs,31-Oct,0800 hrs,2-Jan,1000 hrs,"Theft, Criminal Damage- Deface or DamageProperty",Falcon Hall,Pending,
18-0443T,2-Jan,2121 hrs,2-Jan,2121 hrs,2-Jan,2310 hrs,"DUI- Alcohol, Drug, Vapor, Combination Thereof","W University Dr/ WAsh Ave",Cleared By Arrest,
,,,,,,,,,,
,,,,,,,,,,
,,,,,,,,,,
,,,,,,,,,,
,,,,,,,,,,
,,,,,,,,,,
,,,,,,,,,,
,,,,,,,,,,
,,,,,,,,,,
,,,,,,,,,,
,,,,,,,,,,
,,,,,,,,,,
,,,,,,,,,,
,,,,,,,,,,
,,,,,,,,,,
,,,,,,,,,,
Incident #,"DateReported","TimeReported","OccurredFromThru",Description,Location,Disposition,,,,
,,Date,Time,Date,Time,,,,,
18-0517T,3-Jan,0215 hrs,3-Jan,0215 hrs,3-Jan,0406 hrs,"DUI w/ BAC of .08 or Higher, DUI- Alcohol, Drug,Vapor, Combination Thereof","S Mill Ave/ EGeneva Dr",Cleared By Arrest,
18-0767T,3-Jan,2143 hrs,3-Jan,2143 hrs,3-Jan,2328 hrs,"Possession of Marijuana, Possession of DrugParaphernalia, DUI- Alcohol, Drug, Vapor,Combination Thereof","Block 1400 EBroadway Rd",Cleared By Arrest,
,,,,,,,,,,
,,,,,,,,,,
,,,,,,,,,,
,,,,,,,,,,
,,,,,,,,,,
,,,,,,,,,,
,,,,,,,,,,
,,,,,,,,,,
,,,,,,,,,,
,,,,,,,,,,
,,,,,,,,,,
,,,,,,,,,,
,,,,,,,,,,
,,,,,,,,,,
,,,,,,,,,,
,,,,,,,,,,
,,,,,,,,,,
Incident #,"DateReported","TimeReported","OccurredFromThru",Description,Location,Disposition,,,,
,,Date,Time,Date,Time,,,,,
18-0843T,4-Jan,0137 hrs,4-Jan,0137 hrs,4-Jan,0137 hrs,"Unlawful to Possess an Open Container inPassenger Compartment","Block 1000 of EApache Blvd",Cleared by Arrest,
18-0929T,4-Jan,0910 hrs,22-Dec,1215 hrs,22-Dec,1330 hrs,Shoplifting- Concealment,ASU Bookstore,Pending,
18-1001T,4-Jan,1310 hrs,4-Jan,1310 hrs,4-Jan,1313 hrs,"Possess or display a fictitious/cancelled plate,Speed greater than reasonable and prudent","S Rural Rd/ E RioSalado Pkway",Cleared by Arrest,
18-1025T,4-Jan,1054 hrs,29-Dec,1300 hrs,3-Jan,1200 hrs,Theft,ISTB 4,Pending,
18-1183T,4-Jan,2325 hrs,4-Jan,2325 hrs,4-Jan,2325 hrs,Possession of Drug Paraphernalia,Palo Verde East,Cleared by Arrest,
,,,,,,,,,,
,,,,,,,,,,
,,,,,,,,,,
,,,,,,,,,,
,,,,,,,,,,
,,,,,,,,,,
,,,,,,,,,,
,,,,,,,,,,
,,,,,,,,,,
,,,,,,,,,,
,,,,,,,,,,
,,,,,,,,,,
,,,,,,,,,,
,,,,,,,,,,
Incident #,"DateReported","TimeReported","OccurredFromThru",Description,Location,Disposition,,,,
,,,Date,Time,Date,Time,,,,
18-1213T,5-Jan,0113 hrs,5-Jan,0113 hrs,5-Jan,0143 hrs,Possession of Drug Paraphernalia,"S College Ave/ EApache Blvd",Cleared By Arrest,
18-1364T,5-Jan,1306 hrs,5-Jan,1300 hrs,5-Jan,1300 hrs,Shoplifting,ASU Bookstore,Cleared By Arrest,
18-1455T,5-Jan,2038 hrs,5-Jan,2038 hrs,5-Jan,2038 hrs,Shoplifting,CVS,Cleared By Arrest,
18-1472T,5-Jan,2125 hrs,5-Jan,2125 hrs,5-Jan,2233 hrs,"Driving with Suspended License, No or ExpiredRegistration, Failure to Produce Evidence ofFinancial Responsibility",Fulton Building,Cleared By Arrest,
18-1484P,5-Jan,2210 hrs,5-Jan,2210 hrs,5-Jan,2210 hrs,"Possession of Marijuana, Possession of DrugParaphernalia","S Power Rd/ EPecos Rd",Cleared By Arrest,
18-1486T,5-Jan,2213 hrs,5-Jan,2213 hrs,5-Jan,2213 hrs,"Possession of Marijuana, Possession of DrugParaphernalia","Social SciencesBuilding",Cleared By Arrest,
,,,,,,,,,,
,,,,,,,,,,
,,,,,,,,,,
,,,,,,,,,,
,,,,,,,,,,
,,,,,,,,,,
,,,,,,,,,,
,,,,,,,,,,
,,,,,,,,,,
,,,,,,,,,,
,,,,,,,,,,
Incident #,"DateReported","TimeReported",Occurred,Description,Location,Disposition,,,,
,,,From,Thru,,,,,,
,,,Date,Time,Date,Time,,,,
18-1530D,6-Jan,0052 hrs,6-Jan,0100 hrs,6-Jan,0100 hrs,Driving with a suspended License,"N 5th St/ E FillmoreSt",Cleared by Arrest,
18-1538P,6-Jan,0118 hrs,6-Jan,0118 hrs,6-Jan,0118 hrs,"DUI- Alcohol, Drug, Vapor, Combination Thereof","S Power Rd/ EWilliams Field Rd",Cleared by Arrest,
18-1554T,6-Jan,0232 hrs,6-Jan,0232 hrs,6-Jan,0406 hrs,"Possession of Marijuana, Possession of DrugParaphernalia, DUI- Extreme w/ BAC of 0.15 ormore but less than 0.2, DUI w/ BAC, DUI w/ BACof .08 or Higher, DUI- Alcohol, Drug, Vapor,Combination Thereof, DUI- Under the age of 21,Minor with Alcohol in Body","W University Dr/ SBeck Ave",Cleared by Arrest,
18-1774D,6-Jan,2149 hrs,6-Jan,2045 hrs,6-Jan,2045 hrs,Driving with a suspended License,"E Van Buren St/ N5th St",Cleared by Arrest,
18-1792T,6-Jan,2319 hrs,6-Jan,2320 hrs,6-Jan,2320 hrs,"Minor with Alcohol in Body, Assault","HassayampaAcademic Village 2",Cleared by Arrest,
18-1794P,6-Jan,2331 hrs,6-Jan,2331 hrs,6-Jan,2331 hrs,"Driving with a suspended License, RegistrationNot in Vehicle","S Recker Rd/ EWilliams Field Rd",Cleared by Arrest,
18-1796T,6-Jan,2346 hrs,6-Jan,2346 hrs,6-Jan,2346 hrs,"DUI- Alcohol, Drug, Vapor, Combination Thereof,DUI w/ BAC of .08 or Higher, DUI- Extreme w/BAC of .15 or more but less than 0.2","E Broadway Rd/ SCollege Ave",Cleared by Arrest,
,,,,,,,,,,
,,,,,,,,,,
,,,,,,,,,,
,,,,,,,,,,
,,,,,,,,,,
Incident #,"DateReported","TimeReported","OccurredFromThru",Description,Location,Disposition,,,,
,,,Date,Time,Date,Time,,,,
18-1809T,7-Jan,0128 hrs,7-Jan,0128 hrs,7-Jan,0200 hrs,Criminal Trespass- 3rd Degree,"Hassayampa EWing",Cleared by Arrest,
18-1821D,7-Jan,0301 hrs,7-Jan,0301 hrs,7-Jan,0335 hrs,Driving with a suspended License,"N 7th St/ E FillmoreSt",Cleared by Arrest,
18-1954T,7-Jan,1801 hrs,8-Dec,1700 hrs,7-Jan,1800 hrs,Theft,Manzanita Hall,Pending,
18-1963T,7-Jan,1941 hrs,7-Jan,1941 hrs,7-Jan,1941 hrs,"Racing/ Exhibition of Speed, No Driver's Licenseor Endorsement, Fail to display License plate tothe rear of vehicle, Registration Not in Vehicle,Failure to have Proof of Financial Responsibilitywithin Vehicle","E University Dr/ SRural Rd",Cleared by Arrest,
18-1979T,7-Jan,2132 hrs,7-Jan,2135 hrs,7-Jan,2135 hrs,"Possession of Marijuana, Possession of DrugParaphernalia",Palo Verde West,Pending,
18-1987D,7-Jan,2212 hrs,6-Jan,2130 hrs,7-Jan,2145 hrs,Theft,Taylor Place,Pending,
18-1992T,7-Jan,2245 hrs,8-Dec,1700 hrs,7-Jan,2145 hrs,Theft,Palo Verde West,Pending,
18-80000002T,7-Jan,1519 hrs,6-Dec,1455 hrs,7-Jan,1455 hrs,Theft,Honors Hall,Pending,
,,,,,,,,,,
,,,,,,,,,,
,,,,,,,,,,
,,,,,,,,,,
,,,,,,,,,,
,,,,,,,,,,
Incident #,"DateReported","TimeReported","OccurredFromThru",Description,Location,Disposition,,,,
,,Date,Time,Date,Time,,,,,
18-2169T,8-Jan,1412 hrs,8-Jan,0850 hrs,8-Jan,1200 hrs,Hit and Run Accident,Parking Structure 1,Pending,
18-2300T,8-Jan,2328 hrs,8-Jan,2328 hrs,8-Jan,0603 hrs,"Possession of Marijuana, Possession of DrugParaphernalia",Tooker House,Cleared By Arrest,
18-0001T,8-Jan,0944 hrs,6-Jan,1430 hrs,6-Jan,1700 hrs,Bike Theft,"HassayampaAcademic Village",Pending,
,,,,,,,,,,
,,,,,,,,,,
,,,,,,,,,,
,,,,,,,,,,
,,,,,,,,,,
,,,,,,,,,,
,,,,,,,,,,
,,,,,,,,,,
,,,,,,,,,,
,,,,,,,,,,
,,,,,,,,,,
,,,,,,,,,,
,,,,,,,,,,
,,,,,,,,,,
,,,,,,,,,,
,,,,,,,,,,
,,,,,,,,,,
Incident #,"DateReported","TimeReported","OccurredFromThru",Description,Location,Disposition,,,,
,,Date,Time,Date,Time,,,,,
18-2400T,9-Jan,0955 hrs,9-Jan,0720 hrs,9-Jan,0720 hrs,Assault,Biodesign C,"Cleared ByExceptional Means",
18-2466T,9-Jan,1337 hrs,9-Jan,1337 hrs,9-Jan,1337 hrs,Public Nuisance,Memorial Union,Cleared By Arrest,
18-2492T,9-Jan,1608 hrs,8-Jan,2300 hrs,9-Jan,1600 hrs,Burglary (Vehicle)- 3rd Degree,Parking Structure 7,Pending,
18-2507D,9-Jan,1725 hrs,9-Jan,1720 hrs,9-Jan,1726 hrs,Assault,University Center,,
18-2520P,9-Jan,1816 hrs,5-Jan,1700 hrs,9-Jan,1130 hrs,Criminal Damage,"Block 6000 of SEdgewater",Pending,
18-2545T,9-Jan,2036 hrs,9-Jan,1000 hrs,9-Jan,1300 hrs,Theft,"College of DesignNorth",Pending,
18-2609T,9-Jan,2358 hrs,9-Jan,2358 hrs,10-Jan,0035 hrs,Possession of Drug Paraphernalia,Parking Structure 5,Cleared By Arrest,
18-2498T,9-Jan,1657 hrs,22-Dec,0000 hrs,27-Dec,2359 hrs,Fraudulent Schemes and Artificies,Vista Del Sol,Pending,
,,,,,,,,,,
,,,,,,,,,,
,,,,,,,,,,
,,,,,,,,,,
,,,,,,,,,,
,,,,,,,,,,
,,,,,,,,,,
Incident #,"DateReported","TimeReported","OccurredFromThru",Description,Location,Disposition,,,,
,,Date,Time,Date,Time,,,,,
18-2616T,10-Jan,0032 hrs,10-Jan,0032 hrs,10-Jan,0106 hrs,Driving on a suspended License,"S Dorsey Ln/ EUniversity Dr",Cleared By Arrest,
18-2617T,10-Jan,0029 hrs,10-Jan,0000 hrs,10-Jan,0029 hrs,"Surreptitious Photographing, Videotaping, Filming,or Digitally Recording",Best Hall,Pending,
18-2752P,10-Jan,1147 hrs,10-Jan,1130 hrs,10-Jan,1130 hrs,Possession of Drug Paraphernalia,Century Hall,Cleared By Arrest,
18-2795D,10-Jan,1429 hrs,9-Jan,1202 hrs,10-Jan,1200 hrs,Fraudulent Schemes and Artifices,University Center,Pending,
18-2797T,10-Jan,1428 hrs,9-Jan,1430 hrs,10-Jan,1000 hrs,Criminal Damage,Student Pavilions,Pending,
18-2846D,10-Jan,1935 hrs,10-Jan,1935 hrs,10-Jan,1935 hrs,Excessive Speed in Residential Area,N 7th St/ E Polk St,Cleared By Arrest,
18-2892T,10-Jan,2131 hrs,10-Jan,2131 hrs,10-Jan,2149 hrs,Excessive Speed in Residential Area,"N Scottsdale Rd/ EPlaya Del Norte",Cleared By Arrest,
18-2819W,10-Jan,1654 hrs,10-Jan,1654 hrs,10-Jan,1800 hrs,Fraudulent Schemes and Artifices,Las Casas,Pending,
18-80000003T,10-Jan,0136 hrs,8/1/17,0115 hrs,8/4/17,0115 hrs,Bike Theft,"Noble ScienceLibrary",Pending,
,,,,,,,,,,
,,,,,,,,,,
,,,,,,,,,,
,,,,,,,,,,
,,,,,,,,,,
,,,,,,,,,,
Incident #,"DateReported","TimeReported","OccurredFromThru",Description,Location,Disposition,,,,
,,,Date,Time,Date,Time,,,,
18-3151T,11-Jan,1407 hrs,8-Jan,2300 hrs,11-Jan,1400 hrs,Theft,"Parking Structure atVista Del Sol",Pending,
18-3167T,11-Jan,0800 hrs,7/1/16,0800 hrs,8-Jan,0800 hrs,Theft,ISTB 4,Pending,
18-3174T,11-Jan,1557 hrs,11-Jan,1340 hrs,11-Jan,1345 hrs,Theft,"Sun Devil FitnessCenter",Pending,
18-3190D,11-Jan,1706 hrs,10-Jan,1800 hrs,10-Jan,1945 hrs,"Burglary-3rd Degree, Fraudulent Use of CreditCard",University Center,Pending,
18-80000005T,11-Jan,1812 hrs,11-Jan,1618 hrs,11-Jan,1423 hrs,Bike Theft,Memorial Union,Pending,
,,,,,,,,,,
,,,,,,,,,,
,,,,,,,,,,
,,,,,,,,,,
,,,,,,,,,,
,,,,,,,,,,
,,,,,,,,,,
,,,,,,,,,,
,,,,,,,,,,
,,,,,,,,,,
,,,,,,,,,,
,,,,,,,,,,
,,,,,,,,,,
,,,,,,,,,,
Incident #,"DateReported","TimeReported","OccurredFromThru",Description,Location,Disposition,,,,
,,Date,Time,Date,Time,,,,,
18-3342D,12-Jan,0237 hrs,12-Jan,0237 hrs,12-Jan,0818 hrs,"DUI-Alcohol, Drug, Vapor, Combination Thereof",300 Block N 1st Ave,Pending,
18-3410T,12-Jan,1030 hrs,9-Jan,0316 hrs,9-Jan,0316 hrs,Fraudulent Schemes and Practices,Tooker B,Pending,
18-3445T,12-Jan,1400 hrs,12-Dec,1445 hrs,12-Jan,1300 hrs,Fraudulent Schemes and Practices,Hassayampa,Pending,
18-3464T,12-Jan,1424 hrs,12-Jan,1045 hrs,12-Jan,1424 hrs,Theft,Parking Structure 2,Pending,
18-3538P,12-Jan,1952 hrs,12-Jan,1952 hrs,12-Jan,1952 hrs,"Excessive speed in a residential area or businessdistrict","S Power Rd/EPecos Rd",Cleared by Arrest,
18-3549D,12-Jan,2039 hrs,12-Jan,2039 hrs,12-Jan,2100 hrs,"Driving with a suspended/cancelled/revokedlicense",N 2nd St/E Taylor St,Cleared by Arrest,
18-3555T,12-Jan,2056 hrs,12-Jan,2056 hrs,12-Jan,2256 hrs,"Possession of Marijuana, Possession of DrugParaphernalia","600 Block EUniversity Dr",Pending,
18-3599T,12-Jan,2335 hrs,12-Jan,2335 hrs,12-Jan,0157 hrs,"Possession of Marijuana, Possession of DrugParaphernalia, Tampering with Physical Evidence,Under 21 with Alcohol in Body",Parking Structure 4,Pending,
18-3603T,12-Jan,2339 hrs,12-Jan,2339 hrs,12-Jan,2339 hrs,Criminal Damage,Parking Structure 6,Closed,
18-80000008T,12-Jan,1952 hrs,12-Jan,1740 hrs,12-Jan,1900 hrs,Theft,Best Hall,Pending,
,,,,,,,,,,
,,,,,,,,,,
,,,,,,,,,,
,,,,,,,,,,
Incident #,"DateReported","TimeReported","OccurredFromThru",Description,Location,Disposition,,,,
,,Date,Time,Date,Time,,,,,
18-3612T,13-Jan,0052 hrs,13-Jan,0052 hrs,13-Jan,0052 hrs,Under 21 with Alcohol in Body x5,Tooker,Cleared by Arrest,
18-3640T,13-Jan,0235 hrs,13-Jan,0238 hrs,13-Jan,0238 hrs,Under 21 with Alcohol in Body,Palo Verde West,Cleared by Arrest,
18-3646T,13-Jan,0300 hrs,13-Jan,0300 hrs,13-Jan,0300 hrs,Under 21 with Alcohol in Body,San Pablo,Cleared by Arrest,
18-3724T,13-Jan,1410 hrs,13-Jan,1354 hrs,13-Jan,1354 hrs,Shoplifting,Walmart,Pending,
18-3769P,13-Jan,1849 hrs,13-Jan,1849 hrs,13-Jan,1849 hrs,"Possession of Marijuana, Possession of DrugParaphernalia",Mustang Hall,Pending,
18-3773T,13-Jan,1904 hrs,13-Jan,1904 hrs,13-Jan,2009 hrs,"Possession of Marijuana, Possession of DrugParaphernalia","S Mill Ave/EUniversity Dr",Pending,
18-3783D,13-Jan,2111 hrs,13-Jan,2111 hrs,13-Jan,2111 hrs,"Unlawful Imprisonment, Criminal Damage",Taylor Place,Pending,
18-3808D,13-Jan,2355 hrs,13-Jan,2355 hrs,13-Jan,2355 hrs,"Possession of Marijuana x2, Possession of DrugParaphernalia x2",Taylor Place,Pending,
,,,,,,,,,,
,,,,,,,,,,
,,,,,,,,,,
,,,,,,,,,,
,,,,,,,,,,
,,,,,,,,,,
,,,,,,,,,,
,,,,,,,,,,
Incident #,"DateReported","TimeReported","OccurredFromThru",Description,Location,Disposition,,,,
,,,Date,Time,Date,Time,,,,
18-3815T,14-Jan,0059 hrs,14-Jan,0058 hrs,14-Jan,0058 hrs,Aggravated Robbery,Palo Verde West,Cleared By Arrest,
,,,,,,,,,,
,,,,,,,,,,
,,,,,,,,,,
,,,,,,,,,,
,,,,,,,,,,
,,,,,,,,,,
,,,,,,,,,,
,,,,,,,,,,
,,,,,,,,,,
,,,,,,,,,,
,,,,,,,,,,
,,,,,,,,,,
,,,,,,,,,,
,,,,,,,,,,
,,,,,,,,,,
,,,,,,,,,,
,,,,,,,,,,
,,,,,,,,,,
Incident #,"DateReported","TimeReported","OccurredFromThru",Description,Location,Disposition,,,,
,,,Date,Time,Date,Time,,,,
18-4010P,15-Jan,0038 hrs,15-Jan,0038 hrs,15-Jan,0038 hrs,"Driving with a suspended License, Fail to changename/address with MVD within 10 days","S Power Rd/ EVerona Ave",Cleared By Arrest,
18-4155T,15-Jan,1435 hrs,15-Jan,1428 hrs,15-Jan,1428 hrs,Shoplifting,ASU Bookstore,Cleared By Arrest,
,,,,,,,,,,
,,,,,,,,,,
,,,,,,,,,,
,,,,,,,,,,
,,,,,,,,,,
,,,,,,,,,,
,,,,,,,,,,
,,,,,,,,,,
,,,,,,,,,,
,,,,,,,,,,
,,,,,,,,,,
,,,,,,,,,,
,,,,,,,,,,
,,,,,,,,,,
,,,,,,,,,,
,,,,,,,,,,
,,,,,,,,,,
Incident #,"DateReported","TimeReported","OccurredFromThru",Description,Location,Disposition,,,,
,,Date,Time,Date,Time,,,,,
18-4413D,16-Jan,1048 hrs,16-Jan,1048 hrs,16-Jan,1127 hrs,Driving with a suspended License,"N 2nd Ave/ WFillmore St",Cleared By Arrest,
18-4426T,16-Jan,1126 hrs,16-Jan,1116 hrs,16-Jan,1116 hrs,Theft,ASU Bookstore,Pending,
18-4441D,16-Jan,1231 hrs,16-Jan,1220 hrs,16-Jan,1230 hrs,Assault,Civic Space Park,Cleared By Arrest,
18-4549D,16-Jan,2003 hrs,16-Jan,2003 hrs,16-Jan,2003 hrs,Driving with a suspended License,N 5th St/ E Pierce St,Cleared By Arrest,
18-80000007T,16-Jan,1559 hrs,16-Jan,1500 hrs,16-Jan,1545 hrs,Theft,"StaufferCommunication Arts",Pending,
18-80000009T,16-Jan,1046 hrs,11-Jan,2230 hrs,16-Jan,1035 hrs,Bike Theft,Tooker House,Pending,
18-80000006T,16-Jan,2029 hrs,12-Jan,1700 hrs,13-Jan,1700 hrs,Bike Theft,Palo Verde West,Pending,
,,,,,,,,,,
,,,,,,,,,,
,,,,,,,,,,
,,,,,,,,,,
,,,,,,,,,,
,,,,,,,,,,
,,,,,,,,,,
,,,,,,,,,,
Incident #,"DateReported","TimeReported","OccurredFromThru",Description,Location,Disposition,,,,
,,,Date,Time,Date,Time,,,,
18-4651P,17-Jan,0152 hrs,17-Jan,0152 hrs,17-Jan,0152 hrs,Arson of a Structure or Property,South Desert Village,Pending,
18-4690T,17-Jan,0729 hrs,17-Jan,0140 hrs,17-Jan,0140 hrs,Burglary 2nd Degree- Residential Structure,Best Hall A Wing,Pending,
18-4746D,17-Jan,1105 hrs,17-Jan,1050 hrs,17-Jan,1055 hrs,"Assault, Criminal Damage","Sun Devil FitnessCenter",Pending,
18-4787T,17-Jan,1324 hrs,17-Jan,1342 hrs,17-Jan,1433 hrs,Theft,"BuisnessAdministration",Pending,
18-4916T,17-Jan,2248 hrs,17-Jan,2248 hrs,17-Jan,2315 hrs,Theft,"E University Dr/ SCollege Ave",Pending,
"18-80000010W",17-Jan,2020 hrs,17-Jan,1500 hrs,17-Jan,1905 hrs,Theft,"Herberger YoungScholars Academy",Pending,
,,,,,,,,,,
,,,,,,,,,,
,,,,,,,,,,
,,,,,,,,,,
,,,,,,,,,,
,,,,,,,,,,
,,,,,,,,,,
,,,,,,,,,,
,,,,,,,,,,
,,,,,,,,,,
,,,,,,,,,,
,,,,,,,,,,
Incident #,"DateReported","TimeReported","OccurredFromThru",Description,Location,Disposition,,,,
,,Date,Time,Date,Time,,,,,
18-7947T,18-Jan,0017 hrs,17-Jan,2200 hrs,18-Jan,0000 hrs,Theft,Noble Library,Pending,
18-4978T,18-Jan,0418 hrs,18-Jan,0418 hrs,18-Jan,0418 hrs,Criminal Damage,Tooker House,Pending,
18-5140P,18-Jan,1930 hrs,18-Jan,1930 hrs,18-Jan,1930 hrs,"Excessive speed in a residential area or businessdistrict","S Power Rd/EWilliams Field Rd",Cleared by Arrest,
18-5186P,18-Jan,2011 hrs,18-Jan,2011 hrs,18-Jan,2011 hrs,"Excessive speed in a residential area or businessdistrict","S Power Rd/EWilliams Field Rd",Cleared by Arrest,
18-5190P,18-Jan,2038 hrs,18-Jan,2038 hrs,18-Jan,2038 hrs,"Excessive speed in a residential area or businessdistrict","S Power Rd/EWilliams Field Rd",Cleared by Arrest,
18-5192T,18-Jan,2045 hrs,18-Jan,2045 hrs,18-Jan,2045 hrs,"Driving with a suspended/cancelled/revokedlicense","E Playa Del NorteDr/N Scottsdale Rd",Cleared by Arrest,
18-5230T,18-Jan,2238 hrs,18-Jan,2238 hrs,18-Jan,2238 hrs,Possession of Paraphernalia,"E Rio SaladoPkwy/S Rural Rd",Cleared by Arrest,
18-80000011T,18-Jan,1943 hrs,17-Jan,2230 hrs,18-Jan,1700 hrs,Bike Theft,Vista Del Sol,Pending,
,,,,,,,,,,
,,,,,,,,,,
,,,,,,,,,,
,,,,,,,,,,
,,,,,,,,,,
,,,,,,,,,,
,,,,,,,,,,
,,,,,,,,,,
Incident #,"DateReported","TimeReported","OccurredFromThru",Description,Location,Disposition,,,,
,,Date,Time,Date,Time,,,,,
18-5275T,19-Jan,0227 hrs,19-Jan,0227 hrs,19-Jan,0315 hrs,Minor with Alcohol in Body,"S Rural Rd/ EUniversity Dr",Cleared by Arrest,
18-5416D,19-Jan,1600 hrs,19-Jan,1549 hrs,19-Jan,1559 hrs,Theft,University Center,Pending,
18-5447D,19-Jan,1944 hrs,19-Jan,1935 hrs,19-Jan,1944 hrs,"Aggravated Assault with Deadly Weapon orDangerous Instrument",Taylor Place,Pending,
18-5530P,19-Jan,2344 hrs,19-Jan,2344 hrs,19-Jan,2344 hrs,Minor with Alcohol in Body,"Block 6400 STerripin",Cleared by Arrest,
18-5531T,19-Jan,2346 hrs,19-Jan,2346 hrs,19-Jan,2346 hrs,Driving while suspended for FTA/FTP,"E Terrace Rd/ SRural Rd",Cleared by Arrest,
,,,,,,,,,,
,,,,,,,,,,
,,,,,,,,,,
,,,,,,,,,,
,,,,,,,,,,
,,,,,,,,,,
,,,,,,,,,,
,,,,,,,,,,
,,,,,,,,,,
,,,,,,,,,,
,,,,,,,,,,
Incident #,"DateReported","TimeReported","OccurredFromThru",Description,Location,Disposition,,,,
,,,Date,Time,Date,Time,,,,
18-5556T,20-Jan,0153 hrs,20-Jan,0153 hrs,20-Jan,0153 hrs,Criminal Trespass- 3rd Degree,"S Rural Rd/ EAlameda Dr",Cleared By Arrest,
18-5560T,20-Jan,0221 hrs,20-Jan,0221 hrs,20-Jan,0424 hrs,"DUI- Super Extreme w/ BAC of 0.2 or Higher, DUI-Extreme w/ BAC of 0.15 or more but less than0.20, DUI- w/ BAC of 0.08 or Higher, DUI- Alcohol,Drug, Vapor, Combination Thereof","S Mill Ave/ W DelRio Dr",Cleared By Arrest,
18-5580P,20-Jan,0622 hrs,20-Jan,0124 hrs,20-Jan,0124 hrs,"Theft of a Credit Card or Obtaining Credit Card byFraud",Falcon Hall,Pending,
18-5721T,20-Jan,1752 hrs,21-Jan,1800 hrs,21-Jan,1800 hrs,Minor with Alcohol in Body,Cerus Hall,Cleared By Arrest,
18-5736T,20-Jan,2024 hrs,20-Jan,2024 hrs,20-Jan,2024 hrs,Reckless Driving,Cornerstone,Cleared By Arrest,
,,,,,,,,,,
,,,,,,,,,,
,,,,,,,,,,
,,,,,,,,,,
,,,,,,,,,,
,,,,,,,,,,
,,,,,,,,,,
,,,,,,,,,,
Incident #,"DateReported","TimeReported","OccurredFromThru",Description,Location,Disposition,,,,
,,Date,Time,Date,Time,,,,,
18-5812T,21-Jan,0146 hrs,21-Jan,0146 hrs,21-Jan,0146 hrs,"DUI- Alcohol, Drug, Vapor, Combination Thereof,DUI- w/ BAC of 0.08 or Higher, DUI- Extreme w/BAC of 0.15 or more but less than 0.20","E Apache Blvd/ SCollege Ave",Cleared By Arrest,
18-5815T,21-Jan,0201 hrs,21-Jan,0201 hrs,21-Jan,0201 hrs,"Under 21 years of Age/Be in Physical Control ofVehicle w/ Liquor in Body","S Mill Ave/ EUniversity Dr",Cleared by Arrest,
18-5822T,21-Jan,0247 hrs,21-Jan,0247 hrs,21-Jan,0318 hrs,Minor with Alcohol in Body,"Barrett HonorsCollege",Cleared By Arrest,
18-5957T,21-Jan,2017 hrs,21-Jan,2017 hrs,21-Jan,2017 hrs,Minor with Alcohol in Body,"Sun Devil FitnessCenter",Cleared By Arrest,
18-5975T,21-Jan,2144 hrs,12/1/17,0000 hrs,2-Dec,2359 hrs,Assault,Hayden Library,Pending,
18-5870T,21-Jan,0958 hrs,21-Jan,0950 hrs,21-Jan,0950 hrs,Bike Theft,Memorial Union,Pending,
,,,,,,,,,,
,,,,,,,,,,
,,,,,,,,,,
,,,,,,,,,,
,,,,,,,,,,
,,,,,,,,,,
,,,,,,,,,,
,,,,,,,,,,
,,,,,,,,,,
,,,,,,,,,,
Incident #,"DateReported","TimeReported","OccurredFromThru",Description,Location,Disposition,,,,
,,Date,Time,Date,Time,,,,,
18-6109T,22-Jan,1334 hrs,22-Jan,1340 hrs,22-Jan,1340 hrs,Possession of Marijuana,Tooker House,Cleared by Arrest,
18-6111T,22-Jan,1300 hrs,18-Nov,1300 hrs,18-Nov,1300 hrs,Leaving the scene of attended vehicle accident,Parking Structure 4,Cleared by Arrest,
18-6126P,22-Jan,1433 hrs,22-Jan,1300 hrs,22-Jan,1430 hrs,Bike Theft,Parking Lot 16,Pending,
18-6147T,22-Jan,1619 hrs,21-Jan,1700 hrs,22-Jan,0800 hrs,Theft,"Life Sciences EWing",Pending,
18-6158T,22-Jan,1758 hrs,22-Jan,1758 hrs,22-Jan,1911 hrs,Fraudulent Schemes and Artifices,ASU Police Station,Pending,
18-6196D,22-Jan,2103 hrs,22-Jan,1800 hrs,22-Jan,1800 hrs,Theft,Health North,Pending,
18-6213P,22-Jan,2202 hrs,22-Jan,0100 hrs,22-Jan,2200 hrs,Burglary- 2nd Degree,Falcon Hall,Pending,
18-80000012T,22-Jan,1004 hrs,20-Jan,1330 hrs,21-Jan,1930 hrs,Bike Theft,Vista Del Sol,Pending,
18-80000034P,22-Jan,1745 hrs,18-Dec,1720 hrs,8-Jan,1720 hrs,Bike Theft,"Block 7100 EInnovation way S",Pending,
,,,,,,,,,,
,,,,,,,,,,
,,,,,,,,,,
,,,,,,,,,,
,,,,,,,,,,
,,,,,,,,,,
Incident #,"DateReported","TimeReported","OccurredFromThru",Description,Location,Disposition,,,,
,,Date,Time,Date,Time,,,,,
18-6353T,23-Jan,1211 hrs,22-Jan,2130 hrs,23-Jan,2130 hrs,Theft,"EngineeringResearch Center",Pending,
18-6386T,23-Jan,1403 hrs,23-Jan,1405 hrs,23-Jan,1405 hrs,Shoplifting,ASU Bookstore,Cleared By Arrest,
18-6392T,23-Jan,1357 hrs,22-Jan,2250 hrs,22-Jan,2300 hrs,Theft,"Physical Science HWing",Pending,
18-6402T,23-Jan,1459 hrs,18-Jan,1800 hrs,18-Jan,1800 hrs,Theft,Tooker Hall,Pending,
18-6395W,23-Jan,1439 hrs,23-Jan,1439 hrs,23-Jan,1516 hrs,Leaving the scene of attended vehicle accident,Parking Lot 11,Pending,
18-6344P,23-Jan,1135 hrs,23-Jan,1135 hrs,23-Jan,1152 hrs,Burglary,"Physical ActivityCenter",Pending,
,,,,,,,,,,
,,,,,,,,,,
,,,,,,,,,,
,,,,,,,,,,
,,,,,,,,,,
,,,,,,,,,,
,,,,,,,,,,
,,,,,,,,,,
,,,,,,,,,,
,,,,,,,,,,
,Incident #,"DateReported","TimeReported","OccurredFromThru",Description,Location,Disposition,,,
,,,,Date,Time,Date,Time,,,
,18-80000014T,24-Jan,1804 hrs,24-Jan,1100 hrs,24-Jan,1630 hrs,"Accident, Hit & Run","Tyler Street ParkingStructure",Pending
,18-80000015P,24-Jan,1829 hrs,24-Jan,1754 hrs,24-Jan,1630 hrs,Bike Theft,Agribuisness Center,Pending
,18-80000017D,24-Jan,2037 hrs,24-Jan,1300 hrs,24-Jan,1930 hrs,Bike Theft,"Sandra DayO'Connor College ofLaw",Pending
,,,,,,,,,,
,,,,,,,,,,
,,,,,,,,,,
,,,,,,,,,,
,,,,,,,,,,
,,,,,,,,,,
,,,,,,,,,,
,,,,,,,,,,
,,,,,,,,,,
,,,,,,,,,,
,,,,,,,,,,
,,,,,,,,,,
,,,,,,,,,,
,,,,,,,,,,
Incident #,"DateReported","TimeReported","OccurredFromThru",Description,Location,Disposition,,,,
,,Date,Time,Date,Time,,,,,
18-6920T,25-Jan,0722 hrs,13-Jan,0800 hrs,18-Jan,0800 hrs,Theft,"Engineering CenterG Wing",Pending,
18-6945T,25-Jan,0842 hrs,22-Jan,0900 hrs,22-Jan,0900 hrs,Fraudulent Schemes and Practices,ASU Police,Pending,
18-7095P,25-Jan,1932 hrs,25-Jan,1932 hrs,25-Jan,1932 hrs,Excessive Speed in Residential Area,"S Power Rd/ EWilliams Field Rd",Cleared By Arrest,
18-7140T,25-Jan,2117 hrs,21-Jan,2200 hrs,25-Jan,1630 hrs,Theft of Means of Transportation,"Parking Structure atVista Del Sol",Pending,
18-7187T,25-Jan,2358 hrs,25-Jan,2358 hrs,26-Jan,0138 hrs,"Possession of Marijuana, Possession of DrugParaphernalia","E University Dr/ SMill Ave",Pending,
18-7142T,25-Jan,2130 hrs,25-Jan,2120 hrs,25-Jan,2130 hrs,Fail to Stop on Striking Unattended Vehicle,Parking Structure 7,Pending,
18-80000018T,25-Jan,1902 hrs,25-Jan,1715 hrs,25-Jan,1715 hrs,Bike Theft,"Student ServicesBuilding",Pending,
18-80000031P,25-Jan,1306 hrs,25-Jan,0900 hrs,25-Jan,0900 hrs,Theft,Classroom Building,Pending,
,,,,,,,,,,
,,,,,,,,,,
,,,,,,,,,,
,,,,,,,,,,
,,,,,,,,,,
,,,,,,,,,,
,,,,,,,,,,
,,,,,,,,,,
Incident #,"DateReported","TimeReported","OccurredFromThru",Description,Location,Disposition,,,,
,,Date,Time,Date,Time,,,,,
18-7215T,26-Jan,0216 hrs,26-Jan,0216 hrs,26-Jan,0216 hrs,"Taking the Identity of Another, False Reporting toLaw Enforcement","HassayampaAcademic Village",Cleared By Arrest,
18-7226T,26-Jan,0415 hrs,26-Jan,0415 hrs,26-Jan,0415 hrs,Under 21 with Alcohol in Body,"HassayampaAcademic Village",Cleared By Arrest,
18-7243T,26-Jan,0718 hrs,26-Jan,0720 hrs,26-Jan,1015 hrs,"Possession of Dangerous Drugs, Possession ofNarcotic Drugs, Possession of DrugParaphernalia, Possession of Stolen Property","Student ServicesBuilding",Cleared By Arrest,
18-7362T,26-Jan,1932 hrs,26-Jan,1930 hrs,26-Jan,1930 hrs,Assault,"Sun Devil FitnessComplex","Cleared byExceptional Means",
18-7375P,26-Jan,2029 hrs,26-Jan,2029 hrs,26-Jan,2029 hrs,Excessive Speed in a Residential Area,"S Power Rd/ EWilliams Field Rd",Cleared By Arrest,
18-80000019T,26-Jan,1026 hrs,24-Jan,0400 hrs,24-Jan,1720 hrs,Bike Theft,Sonora Center,Pending,
18-80000021T,26-Jan,1121 hrs,25-Jan,0900 hrs,25-Jan,1315 hrs,Bike Theft,McCord Hall,Pending,
,,,,,,,,,,
,,,,,,,,,,
,,,,,,,,,,
,,,,,,,,,,
,,,,,,,,,,
,,,,,,,,,,
,,,,,,,,,,
Incident #,"DateReported","TimeReported","OccurredFromThru",Description,Location,Disposition,,,,
,,,Date,Time,Date,Time,,,,
18-7434T,27-Jan,0036 hrs,27-Jan,0036 hrs,27-Jan,0036 hrs,Under 21 with Alcohol in Body,Tooker House,Cleared By Arrest,
18-7435T,27-Jan,0043 hrs,27-Jan,0043 hrs,27-Jan,0057 hrs,"Unlawful to Sell/Furnish/Dispose of/ give Liquor toan Under Aged Person, Under 21 with Alcohol inBody",Footbridge,Cleared By Arrest,
18-7447T,27-Jan,0140 hrs,27-Jan,0140 hrs,27-Jan,0140 hrs,Under 21 with Alcohol in Body,"E Apache Blvd/ SPaseo Del Sabre",Cleared By Arrest,
18-7453T,27-Jan,0220 hrs,27-Jan,0220 hrs,27-Jan,0934 hrs,"Theft of Means of Transportation- Intent toPermanently Deprive, Possession of Marijuana,Possession of Drug Paraphernalia, Unlawful Useof Means of Transportation- Passenger in Vehicle","Block 900 of ELemon St",Cleared By Arrest,
18-7597D,27-Jan,1726 hrs,27-Jan,1726 hrs,27-Jan,1825 hrs,Operating a Vehicle Certified as Non- Operational,"W Fillmore St/ N 2ndSt",Cleared By Arrest,
18-7609T,27-Jan,1908 hrs,27-Jan,1908 hrs,27-Jan,1908 hrs,"Under 21 with Alcohol in Body, Possession ofCancelled/Fictitious Driver's License","HassayampaAcademic Village",Cleared By Arrest,
18-7620T,27-Jan,1959 hrs,26-Jan,1731 hrs,26-Jan,1731 hrs,"Theft- Failure to Attempt to Notify Owner of FoundProperty",Vista Del Sol,Pending,
18-7651W,27-Jan,2354 hrs,27-Jan,2354 hrs,27-Jan,2354 hrs,Driving with a Suspended License,"Block 5400 WThunderbird Rd",Cleared By Arrest,
18-80000020T,27-Jan,2158 hrs,27-Jan,1900 hrs,27-Jan,2130 hrs,Bike Theft,Memorial Union,Pending,
18-80000022T,27-Jan,1006 hrs,15-Jan,1200 hrs,15-Jan,1210 hrs,Theft,E Lemon St,Pending,
,,,,,,,,,,
Incident #,"DateReported","TimeReported","OccurredFromThru",Description,Location,Disposition,,,,
,,,Date,Time,Date,Time,,,,
18-7728T,28-Jan,0915 hrs,27-Jan,1830 hrs,28-Jan,0830 hrs,Criminal Damage,Coor Hall,Pending,
18-7768T,28-Jan,1145 hrs,18-Jan,1900 hrs,28-Jan,1000 hrs,Bike Theft,Palo Verde East,Pending,
18-7812T,28-Jan,1604 hrs,24-Jan,1900 hrs,24-Jan,2000 hrs,Assault,Hayden Library,Pending,
18-7860T,28-Jan,2135 hrs,28-Jan,2135 hrs,28-Jan,2222 hrs,Possession of Drug Paraphernalia,Towers Apartments,Cleared By Arrest,
,,,,,,,,,,
,,,,,,,,,,
,,,,,,,,,,
,,,,,,,,,,
,,,,,,,,,,
,,,,,,,,,,
,,,,,,,,,,
,,,,,,,,,,
,,,,,,,,,,
,,,,,,,,,,
,,,,,,,,,,
,,,,,,,,,,
,,,,,,,,,,
,,,,,,,,,,
Incident #,"DateReported","TimeReported","OccurredFromThru",Description,Location,Disposition,,,,
,,Date,Time,Date,Time,,,,,
18-7948D,29-Jan,0825 hrs,29-Jan,0825 hrs,29-Jan,0901 hrs,Driving with a suspended license,"N 1st St/ W VanBuren",Cleared By Arrest,
18-8087T,29-Jan,1822 hrs,29-Jan,1822 hrs,29-Jan,1900 hrs,Bike Theft,"Sun Devil FitnessCenter",Closed,
18-8103T,29-Jan,2021 hrs,29-Jan,2021 hrs,29-Jan,2022 hrs,"Threating or Intimdating- Cause Injury or DamageProperty, Possession of Stolen Property, CriminalTrespass- 3rd Degree","BuisnessAdministration CWing",Cleared By Arrest,
18-80000023T,29-Jan,1044 hrs,27-Jan,0700 hrs,27-Jan,1300 hrs,Theft,"Physical Sciences HWing",Pending,
18-80000024T,29-Jan,1530 hrs,26-Jan,0000 hrs,29-Jan,1145 hrs,Bike Theft,Agave Hall,Pending,
18-80000025T,29-Jan,1455 hrs,26-Jan,0700 hrs,29-Jan,0900 hrs,Bike Theft,Palo Verde East,Pending,
18-80000027T,29-Jan,1743 hrs,25-Jan,1700 hrs,29-Jan,1000 hrs,Bike Theft,"Vista Del Sol JBuilding",Pending,
18-80000026T,29-Jan,2252 hrs,29-Jan,2045 hrs,29-Jan,1715 hrs,Bike Theft,"School of HumanEvolution and SocialChange",Pending,
,,,,,,,,,,
,,,,,,,,,,
,,,,,,,,,,
,,,,,,,,,,
,,,,,,,,,,
,,,,,,,,,,
Incident #,"DateReported","TimeReported","OccurredFromThru",Description,Location,Disposition,,,,
,,,Date,Time,Date,Time,,,,
18-8190D,30-Jan,0634 hrs,29-Jan,1540 hrs,30-Jan,0630 hrs,"Criminal Damage, Property Damage ASU",University Center,Pending,
18-8209T,30-Jan,0752 hrs,30-Jan,0730 hrs,30-Jan,0730 hrs,"Theft, Criminal Damage",Coor Hall,Pending,
18-8245T,30-Jan,1000 hrs,29-Jan,1800 hrs,30-Jan,0900 hrs,Bike Theft,Palo Verde East,Cleared By Arrest,
18-8257T,30-Jan,1021 hrs,30-Jan,0810 hrs,30-Jan,1000 hrs,Bike Theft,Matthews Center,Pending,
18-8279T,30-Jan,1148 hrs,10-Jan,0800 hrs,25-Jan,0500 hrs,Theft,"Life Sciences AWing",Pending,
18-8313T,30-Jan,1410 hrs,30-Jan,1030 hrs,30-Jan,1200 hrs,Bike Theft,Chipotle,Pending,
18-8327W,30-Jan,1502 hrs,30-Jan,1030 hrs,30-Jan,1430 hrs,Criminal Damage,Parking Lot 2,"Cleared ByExceptional Means",
18-8340D,30-Jan,1542 hrs,30-Jan,0840 hrs,30-Jan,1450 hrs,Theft,Taylor Place Dining,Pending,
18-80000028T,30-Jan,1352 hrs,30-Jan,1140 hrs,30-Jan,1320 hrs,Bike Theft,Life Sciences,Pending,
,,,,,,,,,,
,,,,,,,,,,
,,,,,,,,,,
Incident #,"DateReported","TimeReported","OccurredFromThru",Description,Location,Disposition,,,,
,,,Date,Time,Date,Time,,,,
18-8473T,31-Jan,0119 hrs,31-Jan,0119 hrs,31-Jan,0119 hrs,Possession of Drug Paraphernalia,"S McAllister Ave/ EUniversity Dr",Cleared By Arrest,
18-8612T,31-Jan,1347 hrs,31-Jan,1215 hrs,31-Jan,1330 hrs,Bike Theft,Farmer Building,Pending,
18-8632T,31-Jan,1504 hrs,31-Jan,1300 hrs,31-Jan,1400 hrs,Threatening or Intimidating,"Sun Devil FitnessCenter",Pending,
18-8704T,31-Jan,2035 hrs,31-Jan,2035 hrs,31-Jan,2035,Sexual Assault,Parking Lot 20,Unfounded,
18-80000029T,31-Jan,1535 hrs,20-Dec,1525 hrs,8-Jan,1525 hrs,Bike Theft,Rosewood Hall,Pending,
18-80000030T,31-Jan,1956 hrs,31-Jan,0915 hrs,31-Jan,1600 hrs,Bike Theft,"BusinessAdministration",Pending,