"",,,,,Police Log,,
"",,,,,Arizona State University Police Department,,
"",,,,,"Sunday, January 01, 2012",,
"",,,,Occurred,,,
"",Date,Time,,,,,
Incident #,,,From,,Thru Description,Location,Disposition
"",Reported,Reported,,,,,
"",,,Date Time,Date,Time,,
12-0011T,1/1,0138 hrs,1/1 0138 hrs,1/1,0138 hrs Warrant Arrest,Parking Structure,Cleared By Arrest
"",,,,,,S. College Ave/ E.,
12-0016T,1/1,0210 hrs,1/1 0210 hrs,1/1,"0210 hrs Possesion Of Drug Parapheralia, Warrant Arrest",,Cleared By Arrest
"",,,,,,Apache Blvd,
12-0019 T,1/1,0620 hrs,1/1 0620 hrs,1/1,"0620 hrs Loitering On School Ground, Vehicle Burglary",Memorial Union,Cleared By Arrest
"",,,,Occurred,,,,
"",Date,Time,,,,,,
Incident #,,,From,Thru,,Description,Location,Disposition
"",Reported,Reported,,,,,,
"",,,Date Time,Date,Time,,,
12-00037T,1/2,1136 hrs,12/31 1300 hrs,1/2,0500 hrs,Criminal Damage,Manzanita Hall,Pending
12-00044T,1/2,1802 hrs,1/2 1745 hrs,1/2,1800 hrs,Theft,Hayden Library,Pending
"",,,,,,,S. Rural Rd. / E. Spence,
12-00065T,1/2,2243 hrs,1/2 2243 hrs,1/2,2318 hrs,Driving on a Suspended/ Revoked License,,Cleared by Arrest
"",,,,,,,Ave.,
12-00079T,1/2,1802 hrs,1/2 1745 hrs,1/2,1800 hrs,"Theft, Impound for Safekeeping",Hayden Library,Pending
"",,,,Occurred,,,,
"",Date,Time,,,,,,
Incident #,,,From,Thru,,Description,Location,Disposition
"",Reported,Reported,,,,,,
"",,,Date Time,Date,Time,,,
"",,,,,,Displaying Mandatory Insurance Suspended License,E. University Dr. / S.,
12-0075T,1/3,0118 hrs,1/3 0118 hrs,1/3,0130 hrs,,,Cleared by Arrest
"",,,,,,Plates,Mill Ave.,
"",,,,,,,S. Rural Rd. / E.,
12-0081T,1/3,0216 hrs,1/3 0216 hrs,1/3,0256 hrs,Open Container in Vehicle,,Cleared by Arrest
"",,,,,,,University Dr.,
12-0093T,1/3,0920 hrs,12/30 1600 hrs,1/3,1300 hrs,Motor Vehicle Theft,Hayden Library,Unfounded
"",,,,,,,E. Rio Salado Pkwy. /,
12-0100T,1/3,1130 hrs,1/3 1130 hrs,1/3,1253 hrs,Driving on a Suspended License,,Cleared by Arrest
"",,,,,,,S. Rural Rd.,
12-0105T,1/3,1355 hrs,1/3 1355 hrs,1/3,1400 hrs,Property Impounded for Destruction,Sonora Center,Closed
12-0111D,1/3,1514 hrs,12/19 1000 hrs,1/3,1500 hrs,Bicycle Theft,Taylor Place Dorms,Pending
12-0115T,1/3,1703 hrs,12/19 1200 hrs,1/3,1430 hrs,Bicycle Theft,Cholla Hall,Pending
"",,,,,,"Possession of Narcotic Drugs, Driving on a Suspended",E. University Dr. / E.,
12-0118T,1/3,1819 hrs,1/3 1800 hrs,1/3,1932 hrs,,,Pending
"",,,,,,"License, Warrant Arrest",Veterans Way,
12-0133T,1/3,2253 hrs,1/3 2253 hrs,1/3,2303 hrs,Loitering on a College Campus,Parking Structure 7,Cleared by Arrest
"",,,,,,Displaying Mandatory Insurance Suspended License,S. Mill Ave. / E. 13th,
12-0134T,1/3,2257 hrs,1/3 2257 hrs,1/3,2317 hrs,,,Cleared by Arrest
"",,,,,,Plates,St.,
"",,,,Occurred,,,,
"",Date,Time,,,,,,
Incident #,,,From,Thru,,Description,Location,Disposition
"",Reported,Reported,,,,,,
"",,,Date Time,Date,Time,,,
12-0159T,1/4,1134 hrs,12/19 1700 hrs,1/3,2200 hrs,Criminal Damage,Parking Structure 1,Pending
12-0178T,1/4,1357 hrs,12/11 1700 hrs,1/2,1800 hrs,Burglary,Hassayampa Phase 1,Pending
12-0180T,1/4,1439 hrs,1/4 1200 hrs,1/4,1435 hrs,Bike Theft,Lot 3,Pending
"",,,,,,"Possession of Marijuana, Possession of Drug",,
12-0218T,1/4,2308 hrs,1/4 2308 hrs,1/4,2317 hrs,,Parking Structure 4,Pending
"",,,,,,Paraphernalia,,
"",,,,Occurred,,,,
"",Date,Time,,,,,,
Incident #,,,From,Thru,,Description,Location,Disposition
"",Reported,Reported,,,,,,
"",,,Date Time,Date,Time,,,
"",,,,,,,1100 Block of S Rural,
12-0225T,1/5,0050 hrs,1/5 0050 hrs,1/5,0124 hrs,Failure to Provide Identification,,Cleared by Arrest
"",,,,,,,Rd,
"",,,,,,"Under 21 with Alcohol in Body, Providing False",,
12-0230T,1/5,0252 hrs,1/5 0252 hrs,1/5,0305 hrs,,Lot 19,Cleared by Arrest
"",,,,,,Information to Police,,
12-0233T,1/5,0643 hrs,1/5 0345 hrs,1/5,0345 hrs,Trespass/Loitering,Manzanita,Pending
12-0243T,1/5,0932 hrs,1/4 2300 hrs,1/5,0830 hrs,Criminal Damage,Memorial Union,Pending
12-0267T,1/5,1620 hrs,1/5 1200 hrs,1/5,1620 hrs,Bike Theft,Memorial Union,Pending
"",,,,,,"Possession of Marijuana, Possession of Drug",,
12-0274T,1/5,1817 hrs,1/5 1817 hrs,1/5,1828 hrs,,Cholla,Pending
"",,,,,,Paraphernalia,,
12-0281D,1/5,1925 hrs,1/5 1925 hrs,1/5,1925 hrs,Sexual Assault,Taylor Place,Pending
"",,,,,,"Possession of Marijuana, Possession of Drug",,
12-0285T,1/5,2058 hrs,1/5 2058 hrs,1/5,2114 hrs,,Arboretum,Pending
"",,,,,,Paraphernalia,,
12-0288T,1/5,2144 hrs,1/5 2144 hrs,1/5,2202 hrs,Criminal Traffic,S Mill Ave / W 11th St,Cleared by Arrest
"",,,,,,"Under 21 with Alcohol in Body, Under 21 in Possession",,
12-0293T,1/5,2254 hrs,1/5 2254 hrs,1/5,2355 hrs,,McClintock Hall,Cleared by Arrest
"",,,,,,of Alcohol,,
"",,,,Occurred,,,,
"",Date,Time,,,,,,
Incident #,,,From,Thru,,Description,Location,Disposition
"",Reported,Reported,,,,,,
"",,,Date Time,Date,Time,,,
12-296T,1/6,0044 hrs,1/6 0044 hrs,1/6,0107 hrs,Exhibition of Speed/ Racing,S. Rural Rd. / E. 6th St.,Cleared by Arrest
12-304T,1/6,0416 hrs,1/6 0416 hrs,1/6,0542 hrs,Attempted Suicide,ASU Police Department,Closed
12-307P,1/6,0631 hrs,1/5 1545 hrs,1/6,0640 hrs,Theft,Center Building,Pending
12-309T,1/6,0719 hrs,12/15 1500 hrs,1/5,1900 hrs,Theft,Cholla Hall,Pending
12-316P,1/6,0927 hrs,1/6 0927 hrs,1/8,1533 hrs,Property Impounded for Safekeeping,Student Union Annex,Pending
12-325T,1/6,1333 hrs,1/6 1333 hrs,1/6,1516 hrs,"Accident, No Injuries",Vista Del Sol,Pending
"",,,,,,,University Center,
12-329W,1/6,1414 hrs,12/5 1600 hrs,12/27,1300 hrs,Theft,,Pending
"",,,,,,,Building,
12-338D,1/6,1639 hrs,1/6 1639 hrs,1/6,1745 hrs,Property Impounded for Safekeeping,Taylor Place Dorms,Pending
12-340D,1/6,1744 hrs,12/12 1100 hrs,1/4,0100 hrs,Theft,Taylor Place Dorms,Pending
12-352T,1/6,2044 hrs,1/6 2044 hrs,1/6,2050 hrs,Minor in Possession of Alcohol,Vista Del Sol,Cleared by Arrest
"",,,,,,"Possession of Marijuana, Possession of Drug",,
12-354T,1/6,2116 hrs,1/6 2117 hrs,1/7,0130 hrs,,San Pablo Dorms,Pending
"",,,,,,Paraphernalia,,
"",,,,,,"Minor in Possession of Alcohol, Minor in Consumption",,
12-360T,1/6,2238 hrs,1/6 2238 hrs,1/6,2312 hrs,"of Alcohol, Urinating in Public, Furnishing Alcohol to a",Parking Structure 4,Cleared by Arrest
"",,,,,,Minor,,
12-363T,1/6,2303 hrs,1/6 2303 hrs,1/6,2305 hrs,Minor in Possession of Alcohol,Vista Del Sol,Cleared by Arrest
"",,,,,,"Possession of Drug Paraphernalia, Driving on a",,
12-365T,1/6,2342 hrs,1/6 2342 hrs,1/6,2350 hrs,,Parking Lot 16,Cleared by Arrest
"",,,,,,"Suspended License, Open Container in a Vehicle",,
12-367T,1/6,2345 hrs,1/6 2345 hrs,1/7,0230 hrs,Minor in Consumption of Alcohol,Sage Hall,Cleared by Arrest
"",,,,Occurred,,,,
"",Date,Time,,,,,,
Incident #,,,From,Thru,,Description Location,,Disposition
"",Reported,Reported,,,,,,
"",,,Date Time,Date,Time,,,
12-0372T,1/7,0054 hrs,1/7 0054 hrs,1/7,0105 hrs,Under 21 with Alcohol in Body Vista del Sol,,Cleared by Arrest
12-0373T,1/7,0125 hrs,1/7 0125 hrs,1/7,0131 hrs,Under 21 with Alcohol in Body Hassayampa Phase 2,,Cleared by Arrest
12-0377T,1/7,0214 hrs,1/7 0214 hrs,1/7,0220 hrs,Under 21 with Alcohol in Body Sonora,,Cleared by Arrest
"",,,,,,S McAllister Ave / E,,
12-0406T,1/7,1528 hrs,1/8 1528 hrs,1/7,1540 hrs,Possession of Drug Paraphernalia,,Cleared by Arrest
"",,,,,,Tyler Mall,,
12-0408T,1/7,1657 hrs,1/5 1700 hrs,1/7,1400 hrs,Bike Theft Hassayampa Phase 2,,Pending
12-0412T,1/7,1824 hrs,1/6 2000 hrs,1/7,0100 hrs,Criminal Damage 800 Block S Mill Ave,,Pending
"",,,,,,"Under 21 with Alcohol in Body, Possession of Fictitious S Rural Rd / E Spence",,
12-0430T,1/7,2357 hrs,1/7 2357 hrs,1/8,0010 hrs,,,Cleared by Arrest
"",,,,,,License Ave,,
"",,,,Occurred,,,,
"",Date,Time,,,,,,
Incident #,,,From,Thru,,Description,Location,Disposition
"",Reported,Reported,,,,,,
"",,,Date Time,Date,Time,,,
"",,,,,,,E University Dr / S Mill,
12-0432T,1/8,0057 hrs,1/8 0057 hrs,1/8,0109 hrs,Driving on Suspended License,,Cleared by Arrest
"",,,,,,,Ave,
"",,,,,,,S Rural Rd / S Spence,
12-0440T,1/8,0233 hrs,1/8 0233 hrs,1/8,0248 hrs,Under 21 with Alcohol in Body,,Cleared by Arrest
"",,,,,,,Ave,
12-0465T,1/8,1845 hrs,1/8 1100 hrs,1/8,1830 hrs,Vending Machine Burglary,Hayden East,Pending
12-0467T,1/8,1955 hrs,1/8 1800 hrs,1/8,1920 hrs,Bike Theft,Computing Commons,Pending
"",,,,Occurred,,,,
"",Date,Time,,,,,,
Incident #,,,From,Thru,,Description,Location,Disposition
"",Reported,Reported,,,,,,
"",,,Date Time,Date,Time,,,
12-0506P,1/9,1101 hrs,1/5 1200 hrs,1/8,2100 hrs,Theft,Sonoran Arroyo Mall,Pending
12-0547T,1/9,1534 hrs,1/9 1500 hrs,1/9,1530 hrs,Theft,Matthews Center,Pending
12-0550T,1/9,1647 hrs,10/10 0945 hrs,10/10,1400 hrs,Vehicle Burglary,Parking Structure 1,Pending
12-0551T,1/9,1716 hrs,12/13 0900 hrs,1/4,1500 hrs,Bike Theft,Palo Verde East,Pending
"",,,,,,,Urban Systems,
12-0555T,1/9,1805 hrs,1/9 1530 hrs,1/9,1800 hrs,Bike Theft,,Pending
"",,,,,,,Engineering,
"",,,,,,,Student Recreation,
12-0570T,1/9,2255 hrs,1/9 1630 hrs,1/9,1730 hrs,Bike Theft,,Pending
"",,,,,,,Center,
"",,,,Occurred,,,,
"",Date,Time,,,,,,
Incident #,,,From,Thru,,Description,Location,Disposition
"",Reported,Reported,,,,,,
"",,,Date Time,Date,Time,,,
"",,,,,,"Possession of Marijuana, Possession of Drug",,
12-0576T,1/10,0033 hrs,1/10 0033 hrs,1/10,0049 hrs,,Hassayampa 1,Pending
"",,,,,,Paraphernalia,,
12-0596T,1/10,0941 hrs,1/9 2130 hrs,1/9,2230 hrs,Theft,Vista del Sol,Pending
12-0640T,1/10,1734 hrs,1/10 1215 hrs,1/10,1730 hrs,Bike Theft,Language & Literature,Pending
"",,,,,,"Possession of Marijuana, Possession of Drug",,
12-0641T,1/10,1815 hrs,1/10 1815 hrs,1/10,1844 hrs,,Juniper Hall,Pending
"",,,,,,Paraphernalia,,
"",,,,,,,Physical Sciences H,
12-0650T,1/10,1927 hrs,1/10 1800 hrs,1/10,1920 hrs,Bike Theft,,Pending
"",,,,,,,Wing,
12-0651T,1/10,1944 hrs,1/10 1900 hrs,1/10,1930 hrs,Theft,Hassayampa 1,Pending
"",,,,,,"Possession of Marijuana, Possession of Drug",,
12-0664T,1/10,2231 hrs,1/10 2231 hrs,1/10,2245 hrs,,Palo Verde East,Pending
"",,,,,,Paraphernalia,,
"",,,,Occurred,,,,
"",Date,Time,,,,,,
Incident #,,,From,Thru,,Description,Location,Disposition
"",Reported,Reported,,,,,,
"",,,Date Time,Date,Time,,,
12-0691T,1/11,1023 hrs,12/13 1615 hrs,12/22,1000 hrs,Theft,Goldwater,Pending
12-0699T,1/11,1127 hrs,1/1 1200 hrs,1/10,0100 hrs,Theft,Goldwater,Pending
12-0710T,1/11,1319 hrs,1/10 1930 hrs,1/10,2200 hrs,Theft,Memorial Union,Pending
12-0723D,1/11,1454 hrs,12/5 1200 hrs,12/5,1200 hrs,Theft,Ucent,Pending
12-0726T,1/11,1454 hrs,1/11 1454 hrs,1/11,1454 hrs,Harassment/Stalking,ASU Police Department,Pending
"",,,,,,,Student Recreation,
12-0739T,1/11,2035 hrs,1/11 2030 hrs,1/11,2030 hrs,Attempted Bike Theft,,Pending
"",,,,,,,Center,
12-0749W,1/11,2304 hrs,1/10 2200 hrs,1/11,2220 hrs,Criminal Damage,Classroom Annex,Pending
"",,,,Occurred,,,,
"",Date,Time,,,,,,
Incident #,,,From,Thru,,Description,Location,Disposition
"",Reported,Reported,,,,,,
"",,,Date Time,Date,Time,,,
12-0762T,1/12,0126 hrs,1/12 0125 hrs,1/12,0126 hrs,Attempted Vehicle Theft,Wrigley Hall,Pending
"",,,,,,"Possession of Marijuana, Possession of Drug",,
12-0799T,1/12,1427 hrs,1/12 1427 hrs,1/12,1500 hrs,,Hassayampa 2,Pending
"",,,,,,Paraphernalia,,
"",,,,,,,Physical Science B,
12-0801T,1/12,1613 hrs,12/6 0700 hrs,12/6,1549 hrs,Theft,,Pending
"",,,,,,,Wing,
"",,,,,,,S Rural Rd / E,
12-0823T,1/12,2109 hrs,1/12 2109 hrs,1/12,2114 hrs,Criminal Traffic - Speeding,,Cleared by Arrest
"",,,,,,,University Dr,
"",,,,Occurred,,,,
"",Date,Time,,,,,,
Incident #,,,From,Thru,,Description,Location,Disposition
"",Reported,Reported,,,,,,
"",,,Date Time,Date,Time,,,
12-0846T,1/13,0030 hrs,1/13 0030 hrs,1/13,0041 hrs,Under 21 with Alcohol in Body,Vista Del Sol,Cleared by Arrest
12-0869T,1/13,0916 hrs,1/12 1800 hrs,1/13,0925 hrs,Criminal Damage,Parking Structure 1,Pending
12-0872P,1/13,1043 hrs,1/3 0001 hrs,1/13,1207 hrs,Burglary - Structure,Eagle Hall,Pending
"",,,,,,,300 Block E Apache,
12-0887T,1/13,1357 hrs,1/13 0600 hrs,1/13,1357 hrs,Criminal Damage,,Pending
"",,,,,,,Blvd,
12-0898T,1/13,1700 hrs,1/13 1300 hrs,1/13,1600 hrs,Bike Theft,Art Building,Pending
12-0905T,1/13,2104 hrs,1/13 2104 hrs,1/13,2120 hrs,Driving on Suspended Drivers License,7th Street / College Ave,Pending
"",,,,,,,S Forest Ave / E,
12-0907T,1/13,2138 hrs,1/13 2138 hrs,1/13,2146 hrs,Under 21 with Alcohol in Body,,Cleared by Arrest
"",,,,,,,Gammage Pkwy,
12-0908T,1/13,2138 hrs,1/13 2138 hrs,1/13,2225 hrs,Possession of Drug Paraphernalia,Hassayampa 2,Cleared by Arrest
12-0918T,1/13,2245 hrs,1/13 2245 hrs,1/13,2250 hrs,Under 21 with Alcohol in Body,Vista Del Sol,Cleared by Arrest
12-0927T,1/13,2354 hrs,1/13 2354 hrs,1/13,2356 hrs,Under 21 with Alcohol in Body,Vista Del Sol,Cleared by Arrest
"",,,,Occurred,,,,
"",Date,Time,,,,,,
Incident #,,,From,Thru,,Description,Location,Disposition
"",Reported,Reported,,,,,,
"",,,Date Time,Date,Time,,,
"",,,,,,"DUI to the Slightest Degree, Possession of Open",Central Ave / Van,
12-0929D,1/14,0025 hrs,1/14 0025 hrs,1/14,0410 hrs,,,Cleared by Arrest
"",,,,,,"Container, Driving Against One Way",Buren St,
12-0930T,1/14,0038 hrs,1/14 0038 hrs,1/14,0040 hrs,Under 21 with Alcohol in Body,Vista Del Sol,Cleared by Arrest
12-0932T,1/14,0116 hrs,1/14 0116 hrs,1/14,0150 hrs,Under 21 with Alcohol in Body,Palo Verde East,Cleared by Arrest
12-0935T,1/14,0157 hrs,1/14 0157 hrs,1/14,0215 hrs,Under 21 with Alcohol in Body,Vista Del Sol,Cleared by Arrest
12-0941T,1/14,0448 hrs,1/14 0448 hrs,1/14,0508 hrs,Under 21 with Alcohol in Body,Vista Del Sol,Cleared by Arrest
"",,,,,,"Under 21 with Alcohol in Body, Possession of",,
12-0979T,1/14,2249 hrs,1/14 2249 hrs,1/14,2315 hrs,,Hassayampa 1,Pending
"",,,,,,"Marijuana, Possession of Drug Paraphernalia",,
"",,,,Occurred,,,,
"",Date,Time,,,,,,
Incident #,,,From,Thru,,Description,Location,Disposition
"",Reported,Reported,,,,,,
"",,,Date Time,Date,Time,,,
"",,,,,,,S Power Rd / E,
12-0985P,1/15,0039 hrs,1/15 0039 hrs,1/15,0106 hrs,Criminal Trespass,,Pending
"",,,,,,,Williams Field Rd,
"",,,,,,,Student Recreation,
12-0997T,1/15,0957 hrs,1/15 0915 hrs,1/15,0930 hrs,Theft,,Unfounded
"",,,,,,,Center,
12-1004T,1/15,1352 hrs,1/15 1030 hrs,1/15,1352 hrs,Vehicle Burglary,Parking Structure 2,Pending
12-1005T,1/15,1432 hrs,1/13 1300 hrs,1/13,1700 hrs,Bike Theft,Rosewood,Pending
12-1006D,1/15,1442 hrs,1/15 1442 hrs,1/15,1445 hrs,Impound for Destruction,Taylor Place,Pending
12-1023T,1/15,2214 hrs,1/7 0030 hrs,1/15,2214 hrs,Vehicle Theft,Lot 59 North,Unfounded
"",,,,Occurred,,,,
"",Date,Time,,,,,,
Incident #,,,From,Thru,,Description,Location,Disposition
"",Reported,Reported,,,,,,
"",,,Date Time,Date,Time,,,
12-1040T,1/16,1227 hrs,12/18 1700 hrs,1/3,1800 hrs,Bike Theft,Palo Verde West,Pending
12-1042T,1/16,1227 hrs,1/13 2000 hrs,1/14,1000 hrs,Theft,Palo Verde West,Pending
12-1055D,1/16,2146 hrs,1/16 2146 hrs,1/16,2146 hrs,Possession Of Drug Paraphernalia,Taylor Place,Clear By Arrest
"",,,,,,"Possession Of  Drug Paraphernalia, Possession Of",,
12-1060T,1/16,2245 hrs,1/16 2245 hrs,1/16,2245 hrs,,Palo Verde West,Cleared By Arrest
"",,,,,,Marijuana,,
"",,,,Occurred,,,
"",Date,Time,,,,,
Incident #,,,From,Thru,,Description,Location Disposition
"",Reported,Reported,,,,,
"",,,Date Time,Date,Time,,
12-1067T,1/17,0143 hrs,1/17 0020 hrs,1/17,0020 hrs,Disorderly Conduct,Sonora Pending
12-1079W,1/17,0938 hrs,1/16 1630 hrs,1/16,2100 hrs,Vehicle Theft,Lot 19 Pending
12-1082T,1/17,0954 hrs,1/13 2040 hrs,1/13,2200 hrs,Burglary Structure,Goldwater Pending
12-1091T,1/17,1229 hrs,1/12 1645 hrs,1/15,0830 hrs,Bike Theft,Coor Pending
12-1092T,1/17,1245 hrs,1/17 1230 hrs,1/17,1245 hrs,"Surreptitious Photography, Videotaping",Schwada Pending
12-1096T,1/17,1332 hrs,1/17 0900 hrs,1/17,1145 hrs,Bike Theft,College of Design North Pending
12-1097T,1/17,1342 hrs,1/12 1700 hrs,1/13,1800 hrs,Theft,Lot 59 East Pending
12-1099T,1/17,1357 hrs,1/17 1348 hrs,1/17,1350 hrs,Theft,Memorial Union Pending
12-1102T,1/17,1455 hrs,1/17 1330 hrs,1/17,1430 hrs,Bike Theft,Language & Literature Pending
"",,,,,,"Driving on Suspended License, Open Container in",
12-1115T,1/17,1946 hrs,1/17 1946 hrs,1/17,2000 hrs,,E 6th St / S Rural Rd Cleared by Arrest
"",,,,,,"Vehicle, No or Expired Registration",
"",,,,,,,E Gammage Pkwy / S
12-1117T,1/17,2035 hrs,1/17 0800 hrs,1/17,2030 hrs,Theft,Pending
"",,,,,,,Forest Ave
12-1118T,1/17,1954 hrs,1/17 1118 hrs,1/17,1118 hrs,Disturbing Phone Calls,Hassayampa Phase 1 Pending
"",,,,,,"Possession of Marijuana, Possession of Drug",
12-1124T,1/17,2213 hrs,1/17 2213 hrs,1/17,2221 hrs,,Parking Structure 4 Pending
"",,,,,,"Paraphernalia, Possession of Fictitious License",
"",,,,Occurred,,,,
"",Date,Time,,,,,,
Incident #,,,From,Thru,,Description,Location,Disposition
"",Reported,Reported,,,,,,
"",,,Date Time,Date,Time,,,
12-1140T,1/18,0708 hrs,1/18 0745 hrs,1/18,0830 hrs,Warrant Arrest,Parking Structure 6,Cleared by Arrest
12-1150T,1/18,1024 hrs,1/17 1730 hrs,1/18,1000 hrs,Bicycle Theft,Farrington Stadium,Pending
"",,,,,,"Theft of Means of Transportation, Theft, Criminal",,
12-1157T,1/18,1136 hrs,1/18 1130 hrs,1/18,1230 hrs,,Parking Lot 20,Pending
"",,,,,,Damage,,
"",,,,,,,Student Recreation,
12-1163T,1/18,1510 hrs,1/18 0745 hrs,1/18,1445 hrs,Bicycle Theft,,Pending
"",,,,,,,Complex,
12-1169T,1/18,1616 hrs,1/17 1900 hrs,1/18,1000 hrs,Bicycle Theft,Palo Verde Main,Pending
12-1174T,1/18,1646 hrs,1/17 1045 hrs,1/17,1630 hrs,"Criminal Damage, Attempted Bicycle Theft",Hayden Library,Pending
12-1176T,1/18,1657 hrs,1/18 1657 hrs,1/18,2218 hrs,Bicycle Theft,Armstrong Hall,Pending
"",,,,,,"Driving on Suspended License, Warrant Arrest,",S. Rural Rd/ E. Spence,
12-1186T,1/18,1946 hrs,1/18 1946 hrs,1/18,2313 hrs,,,Pending
"",,,,,,Possession of Dangerous Drugs,Ave.,
12-1199T,1/18,2142 hrs,1/18 2142 hrs,1/19,0309 hrs,Possession of Drug Paraphernalia,Parking Structure 5,Cleared by Arrest
12-1211T,1/18,2323 hrs,1/18 2323 hrs,1/19,0015 hrs,Possession of Drug Paraphernalia,Cholla Hall,Cleared by Arrest
"",,,,Occurred,,,,
"",Date,Time,,,,,,
Incident #,,,From,Thru,,Description,Location,Disposition
"",Reported,Reported,,,,,,
"",,,Date Time,Date,Time,,,
12-1235D,1/19,0947 hrs,1/19 0945 hrs,1/19,0945 hrs,"Accident, Non-Injury",Parking Lot 4,Pending
"",,,,,,,Physical Sciences-F,
12-1239T,1/19,0940 hrs,1/19 0940 hrs,1/19,1743 hrs,3rd Degree Burglary,,Pending
"",,,,,,,Wing,
"",,,,,,"3rd Degree Burglary, Theft of a Credit Card, Forgery of",,
12-1240T,1/19,1053 hrs,1/13 1300 hrs,1/17,1000 hrs,,Goldwater Institute,Pending
"",,,,,,"a Credit Card, Fraudulent Use of a Credit Card",,
12-1241T,1/19,1059 hrs,1/19 1100 hrs,1/19,1100 hrs,Bicycle Accident with Injuries,Computing Commons,Pending
"",,,,,,,S. Rural Rd. / E.,
12-1252T,1/19,1306 hrs,1/19 1306 hrs,1/19,1415 hrs,Driving on a Suspended License,,Cleared by Arrest
"",,,,,,,University Dr.,
12-1262T,1/19,1522 hrs,1/19 1310 hrs,1/19,1500 hrs,3rd Degree Burglary,West Hall,Pending
"",,,,,,,University Center,
12-1285D,1/19,2038 hrs,1/19 2038 hrs,1/19,2046 hrs,Bicycle Theft,,Pending
"",,,,,,,Building,
"",,,,,,"Possession of Marijuana, Possession of Drug",,
12-1290T,1/19,2115 hrs,1/19 2115 hrs,1/19,2302 hrs,,Best Hall,Pending
"",,,,,,Paraphernalia,,
"",,,,Occurred,,,,
"",Date,Time,,,,,,
Incident #,,,From,Thru,,Description,Location,Disposition
"",Reported,Reported,,,,,,
"",,,Date Time,Date,Time,,,
12-1304T,1/20,0046 hrs,1/20 0046,1/20,0100 hrs,Possession of Marijuana,Arboretum,Pending
"",,,,,,"DUI - Slightest Degree, DUI, Blood Alcohol Above",S Rural Rd / E Apache,
12-1311T,1/20,0323 hrs,1/20 0323 hrs,1/20,0323 hrs,,,Cleared by Arrest
"",,,,,,".08, DUI - Blood Alcohol above .15",Blvd,
12-1328D,1/20,1219 hrs,1/18 1330 hrs,1/20,1215 hrs,Bike Theft,Ucent,Pending
12-1330T,1/20,1227 hrs,1/5 1200 hrs,1/19,1200 hrs,Theft,Lot 45,Pending
12-1331T,1/20,1239 hrs,1/18 1330 hrs,1/19,0630 hrs,Hit and Run,Lot 45,Pending
12-1360T,1/20,2156 hrs,1/20 2156 hrs,1/20,2156 hrs,Theft,Physical Education East,Pending
12-1364T,1/20,2242 hrs,1/20 2242 hrs,1/20,2255 hrs,Under 21 in Possession of Alcohol,Vista del Sol,Cleared by Arrest
"",,,,,,,Fulton Parking,
12-1371T,1/20,2330 hrs,1/20 2330 hrs,1/20,2339 hrs,Possession of Drug Paraphernalia,,Cleared by Arrest
"",,,,,,,Structure,
"",,,,Occurred,,,,
"",Date,Time,,,,,,
Incident #,,,From,Thru,,Description,Location,Disposition
"",Reported,Reported,,,,,,
"",,,Date Time,Date,Time,,,
"",,,,,,"Extreme DUI, DUI w/ BAC of .08 or Higher, DUI-",E. University Dr. /S.,
12-1374T,1/21,0035 hrs,1/21 0035 hrs,1/21,0035 hrs,,,Cleared by Arrest
"",,,,,,Alcohol,College Ave.,
12-1376T,1/21,0104 hrs,1/20 2200 hrs,1/20,2300 hrs,Information Only Report,Hassayampa Phase II,Closed
12-1378T,1/21,0205 hrs,1/21 0205 hrs,1/21,1903 hrs,Minor in Consumption of Alcohol,Sonora Center,Cleared by Arrest
12-1400T,1/21,1821 hrs,1/21 1835 hrs,1/21,1835 hrs,Property Impounded for Safekeeping,Parking Structure 4,Pending
12-1411T,1/21,2046 hrs,1/21 2046 hrs,1/21,2120 hrs,Property Impounded for Safekeeping,Hassayampa Phase I,Pending
"",,,,,,"Possession of Dangerous Drugs, Possession of Drug",,
12-1416T,1/21,2141 hrs,1/21 2140 hrs,1/21,2317 hrs,,Hassayampa Phase I,Pending
"",,,,,,Paraphernalia,,
"",,,,,,,S. Mill Ave. / E.,
12-1420T,1/21,2311 hrs,1/21 2311 hrs,1/21,2245 hrs,Assault,,Cleared by Arrest
"",,,,,,,Gammage Pkwy.,
"",,,,Occurred,,,,
"",Date,Time,,,,,,
Incident #,,,From,Thru,,Description,Location,Disposition
"",Reported,Reported,,,,,,
"",,,Date Time,Date,Time,,,
12-1430T,1/22,0244 hrs,1/22 0244 hrs,1/22,0244 hrs,Under 21 With Alcohol In Body,Vista Del Sol,Cleared By Arrest
"",,,,,,"Under 21 With Alcohol In Body, Possession Of Drug",,
12-1432D,1/22,0431 hrs,1/22 0431 hrs,1/22,0431 hrs,,Taylor Mall,Cleared By Arrest
"",,,,,,Paraphernalia,,
12-1437T,1/22,1037 hrs,1/22 1037 hrs,1/22,1037 hrs,Under 21 With Alcohol In Body,Cady Mall,Cleared By Arrest
12-1442T,1/22,1206 hrs,1/21 1800 hrs,1/21,2200 hrs,Bike Theft,Memorial Union,Pending
12-1450T,1/22,1501 hrs,1/22 1501 hrs,1/22,1501 hrs,Possession of Drug Paraphernalia,Best Hall,Cleared By Arrest
12-1455T,1/22,1736 hrs,1/21 1400 hrs,1/22,1645 hrs,Theft,Palo Verde East,Pending
12-1458T,1/22,1806 hrs,1/22 1806 hrs,1/22,1806 hrs,Under 21 Possession of Alcohol,Hassayampa Phase 1,Cleared By Arrest
"",,,,Occurred,,,
"",Date,Time,,,,,
Incident #,,,From,Thru,,Description,Location Disposition
"",Reported,Reported,,,,,
"",,,Date Time,Date,Time,,
"",,,,,,,Interdisciplinary
12-1472T,1/23,0745 hrs,1/21 1600 hrs,1/23,0600 hrs,Burglary Structure,Sciences & Technology Pending
"",,,,,,,4
12-1475T,1/23,0957 hrs,1/12 1630 hrs,1/17,1200 hrs,Bike Theft,Cereus Hall Pending
"",,,,,,,Robson Wrestling
12-1479T,1/23,1047 hrs,1/19 0001 hrs,1/19,0500 hrs,Theft,Pending
"",,,,,,,Facility
12-1483T,1/23,1206 hrs,1/22 1300 hrs,1/22,1730 hrs,Bike Theft,Business Administration Pending
12-1485T,1/23,1253 hrs,1/21 1400 hrs,1/22,1700 hrs,Bike Theft,Vista del Sol Pending
12-1486P,1/23,1301 hrs,1/23 1301 hrs,1/23,1301 hrs,Theft,Talon Hall Pending
12-1488T,1/23,1353 hrs,12/1 0000 hrs,12/31,2359 hrs,Theft,Best Hall Pending
"",,,,,,,Student Services
12-1490T,1/23,1449 hrs,1/20 1400 hrs,1/23,0800 hrs,Bike Theft,Pending
"",,,,,,,Building
12-1491T,1/23,1449 hrs,1/22 1900 hrs,1/23,1400 hrs,Bike Theft,Palo Verde West Pending
12-1493T,1/23,1454 hrs,1/19 1700 hrs,1/20,1800 hrs,Criminal Damage,Palo Verde West Pending
12-1495T,1/23,1539 hrs,12/16 1700 hrs,1/5,0800 hrs,"Theft, Forgery Fraud",Goldwater Pending
12-1496T,1/23,1556 hrs,1/20 1700 hrs,1/22,1600 hrs,Bike Theft,Wells Fargo Arena Pending
12-1503T,1/23,1758 hrs,1/18 1700 hrs,1/23,1758 hrs,Bike Theft,Willow Hall Pending
12-1511P,1/23,1949 hrs,1/23 1949 hrs,1/23,1949 hrs,Crime Against a Child,East Housing Unfounded
"",,,,,,,Student Recreation
12-1513T,1/23,2029 hrs,1/23 1630 hrs,1/23,1730 hrs,Theft,Pending
"",,,,,,,Complex
12-1518W,1/23,2129 hrs,1/23 2129 hrs,1/23,2129 hrs,Assault,West Lot 10 Pending
"",,,,Occurred,,,
"",Date,Time,,,,,
Incident #,,,From,Thru,,Description,Location Disposition
"",Reported,Reported,,,,,
"",,,Date Time,Date,Time,,
12-1548T,1/24,0947hrs,1/23 1700 hrs,1/24,0830 hrs,Theft,Goldwater Institute Pending
12-1550T,1/24,1031 hrs,1/24 1031 hrs,1/24,1031 hrs,Criminal Traffic,E 6th St/S Packard Cleared By Arrest
12-1556T,1/24,1156 hrs,1/23 1000 hrs,1/23,1115 hrs,Theft,Computing Dommons Pending
"",,,,,,"Fraudulent Use of A Credit Card, Theft of A Credit",Student Recreation
12-1562T,1/24,1316 hrs,1/19 0845 hrs,1/19,1500 hrs,,Pending
"",,,,,,Card,Center
12-1584T,1/24,1958 hrs,1/24 1830 hrs,1/24,1900 hrs,Theft,Business Administration Pending
"",,,,,,,Student Recreation
12-1587T,1/24,2048hrs,1/24 1730 hrs,1/24,2030 hrs,Bike Theft,Pending
"",,,,,,,Center
"",,,,,,"Possession of Marijuana, Possession of Drug",
12-1589T,1/24,2109 hrs,1/24 2109 hrs,1/24,2109 hrs,,Hassayampa Pending
"",,,,,,Paraphernalia,
"",,,,Occurred,,,,
"",Date,Time,,,,,,
Incident #,,,From,Thru,,Description,Location,Disposition
"",Reported,Reported,,,,,,
"",,,Date Time,Date,Time,,,
"",,,,,,,S Mcallister Ave/E,
12-1608T,1/25,0134 hrs,1/25 0134 hrs,1/25,0134 hrs,Under 21 With Alcohol,,Cleared By Arrest
"",,,,,,,Apache Blvd,
12-1615T,1/25,0337 hrs,1/25 0337 hrs,1/25,0337 hrs,Under 21 With Alcohol,1217 S Rural Rd,Cleared By Arrest
12-1636T,1/25,1240 hrs,1/25 1030 hrs,1/25,1100 hrs,Theft,ASU Bookstore,Pending
12-1637T,1/25,1246 hrs,12/30 1600 hrs,12/31,1800 hrs,Bike Theft,Sun Devil Stadium,Pending
12-1646T,1/25,1458 hrs,1/12 1900 hrs,1/19,1700 hrs,Theft,Goldwater Institute,Pending
"",,,,,,,Schwada Classroom,
12-1650T,1/25,1651 hrs,1/25 1530 hrs,1/25,1630 hrs,Bike Theft,,Pending
"",,,,,,,Office Building,
None,1/25,1700 hrs,1/18 0000 hrs,1/18,2359 hrs,Threatening,Hayden Hall East,Pending
12-1658T,1/25,1705 hrs,1/25 0900 hrs,1/25,1705 hrs,Bike Theft,Memorial Union,Pending
"",,,,,,"Possession of Dangerous Drugs, Possession of Drug",,
12-1675T,1/25,2155 hrs,1/25 2203 hrs,1/26,2203 hrs,,Hassayampa Phase 2,Pending
"",,,,,,"Paraphernalia,",,
"",,,,Occurred,,,,
"",Date,Time,,,,,,
Incident #,,,From,Thru,,Description,Location,Disposition
"",Reported,Reported,,,,,,
"",,,Date Time,Date,Time,,,
12-1688T,1/26,0022  hrs,1/26 0022 hrs,1/26,0022 hrs,"Aggravated Domestic Violence, Assault",Chili's,Pending
12-1689T,1/26,0025 hrs,1/25 1700 hrs,1/26,0015 hrs,Bike Theft,Hayden Library,Pending
"",,,,,,"DUI, DUI with BAC of .08 or more, Aggravated DUI,",,
12-1690T,1/26,0049 hrs,1/26 0045 hrs,1/26,0451 hrs,"Escape, Resisting Arrest and False Reporting to Law",IHOP Parking Lot,Clear By Arrest
"",,,,,,Enforcement.,,
"",,,,,,Marijuana Possession and Drug Paraphernalia,,
12-1692 T,1/26,0109 hrs,1/26 0109 hrs,1/26,0109 hrs,,Parking Structure 5,Pending
"",,,,,,Possession,,
"",,,,,,,Psychology North,
12-1707T,1/26,1008 hrs,1/25 1000 hrs,1/25,2100 hrs,Bike Theft,,Pending
"",,,,,,,Building,
12-1721T,1/26,1232 hrs,1/26 0300 hrs,1/26,0400 hrs,Burglary,Vista Del Sol,Pending
"",,,1431,,,,Psychology North,
12-1730T,1/26,1431 hrs,1/26,1/26,1431 hrs,Bike Theft,,Pending
"",,,1hrs,,,,Building,
12-1733D,1/26,1514 hrs,1/26 1514 hrs,1/26,1600 hrs,Warrant Arrest,4th Avenue Jail,Cleared By Arrest
12-1746T,1/26,1900 hrs,1/26 1900 hrs,1/26,1900hrs,"Trespass Loitering, Public Nuisance",Vista Del Sol,Pending
"",,,,,,"Possession Of Marijuana, Possession Of Paraphernalia,",,
12-1760T,1/26,2223 hrs,1/26 2223 hrs,1/26,2223 hrs,,MCClintock Hall,Pending
"",,,,,,Under 21 With Alcohol,,
"",,,,Occurred,,,,
"",Date,Time,,,,,,
Incident #,,,From,Thru,,Description,Location,Disposition
"",Reported,Reported,,,,,,
"",,,Date Time,Date,Time,,,
"",,,,,,,E. Apache Blvd/S.,
12-1771 T,1/27,0210 hrs,1/27 0210 hrs,1/27,0210 hrs,Assault,,Cleared By Arrest
"",,,,,,,Rural Rd,
"",,,,,,,Language and Literature,
12-1778T,1/27,0742 hrs,1/27 0742 hrs,1/27,0742 hrs,"Attempted Bike Theft, Criminal Damage",,Cleared By Arrest
"",,,,,,,Building,
"",,,,,,,Language and Literature,
12-1779T,1/27,0932 hrs,1/18 1100 hrs,1/24,1400 hrs,Theft,,Pending
"",,,,,,,Building,
12-1782T,1/27,1047 hrs,1/26 1815 hrs,1/27,1045 hrs,Criminal Damage,Dixie Gammage,Pending
12-1785T,1/27,1141 hrs,1/27 1141 hrs,1/27,1141 hrs,Loitering,Vista Del Sol,Cleared By Arrest
12-1786T,1/27,1204 hrs,1/25 0900 hrs,1/27,1130 hrs,Burglary,Goldwater Building,Pending
"",,,,,,,Student Services,
12-1793T,1/27,1446 hrs,1/27 1200 hrs,1/27,1600 hrs,Attempted Forgery Fraud,,Pending
"",,,,,,,Building,
12-1797T,1/27,1715 hrs,1/27 1330 hrs,1/27,1500 hrs,Criminal Damage,San Parking Lot,Pending
12-1831T,1/27,2334 hrs,1/27 2334 hrs,1/27,2334 hrs,Under 21 With Alcohol In Body,Parking Lot 72,Cleared By Arrest
12-1832T,1/27,2344 hrs,1/27 2344 hrs,1/27,2344 hrs,Under 21 With Alochol In Body,Hassayampa,Cleared By Arrest
"",,,,Occurred,,,,
"",Date,Time,,,,,,
Incident #,,,From,Thru,,Description,Location,Disposition
"",Reported,Reported,,,,,,
"",,,Date Time,Date,Time,,,
12-1836T,1/28,0016 hrs,1/28 0015 hrs,1/28,0016 hrs,Under 21 in Possession of Alcohol,Vista del Sol,Cleared by Arrest
"",,,,,,"Under 21 in Possession of Alcohol, Under 21 with",,
12-1840T,1/28,0058 hrs,1/28 0058 hrs,1/28,0100 hrs,,Vista del Sol,Cleared by Arrest
"",,,,,,Alcohol in Body,,
12-1841T,1/28,0100 hrs,1/28 0100 hrs,1/28,0107 hrs,Under 21 with Alcohol in Body,Vista del Sol,Cleared by Arrest
12-1844T,1/28,0133 hrs,1/28 0133 hrs,1/28,0207 hrs,Under 21 with Alcohol in Body,Cereus,Cleared by Arrest
"",,,,,,,Palm Walk / Orange,
12-1851T,1/28,0254 hrs,1/28 0254 hrs,1/28,0301 hrs,Public Nuisance,,Cleared by Arrest
"",,,,,,,Mall,
12-1854T,1/28,0336 hrs,1/28 0336 hrs,1/28,0340 hrs,Under 21 with Alcohol in Body,Vista del Sol,Cleared by Arrest
"",,,,,,,S McAllister Ave / E,
12-1857T,1/28,0405 hrs,1/28 0405 hrs,1/28,0433 hrs,"Disorderly Conduct, Under 21 with Alcohol in Body",,Pending
"",,,,,,,Apache Blvd,
12-1869T,1/28,0230 hrs,1/28 0230 hrs,1/28,1415 hrs,Public Nuisance,Vista del Sol,Cleared by Arrest
"",,,,,,,Undergraduate,
12-1888T,1/28,1956 hrs,1/27 1630 hrs,1/27,2100 hrs,Bike Theft,,Pending
"",,,,,,,Advisory Services,
"",,,,,,,Engineering Research,
12-1889T,1/28,2026 hrs,1/28 1400 hrs,1/28,2025 hrs,Bike Theft,,Pending
"",,,,,,,Center,
12-1891T,1/28,2139 hrs,1/28 2139 hrs,1/28,2140 hrs,Under 21 in Possession of Alcohol,Vista del Sol,Cleared by Arrest
"",,,,,,"Possession of Marijuana, Possession of Drug",,
12-1899T,1/28,2325 hrs,1/28 2320 hrs,1/29,0154 hrs,,Vista del Sol,Pending
"",,,,,,Paraphernalia,,
"",,,,Occurred,,,,
"",Date,Time,,,,,,
Incident #,,,From,Thru,,Description,Location,Disposition
"",Reported,Reported,,,,,,
"",,,Date Time,Date,Time,,,
12-1914T,1/29,0517 hrs,1/29 0517 hrs,1/29,0604 hrs,Under 21 with Alcohol in Body,Hassayampa Phase 1,Cleared by Arrest
"",,,,,,,800 Block S. Myrtle,
12-1923T,1/29,1420 hrs,1/29 0000 hrs,1/29,1400 hrs,Theft,,Pending
"",,,,,,,Ave,
12-1924T,1/29,1558 hrs,1/29 0800 hrs,1/29,1000 hrs,Theft,Palo Verde East,Unfounded
12-1945T,1/29,2049 hrs,1/29 1730 hrs,1/29,1930 hrs,Bike Theft,Hassayampa Phase 1,Pending
"",,,,Occurred,,,,
"",Date,Time,,,,,,
Incident #,,,From,Thru,,Description,Location,Disposition
"",Reported,Reported,,,,,,
"",,,Date Time,Date,Time,,,
"",,,,,,,E. Apache Blvd. / S.,
12-1958T,1/30,0041 hrs,1/30 0041 hrs,1/30,0213 hrs,Failure to Comply with the Order of a Police Officer,,Cleared by Arrest
"",,,,,,,Rural Rd.,
12-1977T,1/30,1050 hrs,1/26 1800 hrs,1/27,1100 hrs,Theft,Intercollegiate Athletics,Pending
12-1987T,1/30,1349 hrs,1/28 0500 hrs,1/28,1300 hrs,Bicycle Theft,Vista Del Sol,Pending
"",,,,,,,Physical Sciences-H,
12-2005T,1/30,1958 hrs,1/30 1815 hrs,1/30,2000 hrs,Bicycle Theft,,Pending
"",,,,,,,Wing,
"",,,,Occurred,,,,
"",Date,Time,,,,,,
Incident #,,,From,Thru,,Description,Location,Disposition
"",Reported,Reported,,,,,,
"",,,Date Time,Date,Time,,,
"",,,,,,,Student Recreation,
12-2036T,1/31,0734 hrs,1/31 0655 hrs,1/31,0700 hrs,Theft,,Pending
"",,,,,,,Complex,
12-2041T,1/31,0957 hrs,1/24 0000 hrs,1/31,0930 hrs,Criminal Damage,Matthews Hall,Pending
12-2056T,1/31,1244 hrs,1/26 0925 hrs,1/26,1015 hrs,Bicycle Theft,Noble Library,Pending
"",,,,,,,Classroom/Lab/Comput,
12-2063W,1/31,1410 hrs,1/31 1410 hrs,1/31,1432 hrs,Theft,,Pending
"",,,,,,,er Room,
"",,,,,,,University Center,
12-2067W,1/31,1516 hrs,1/31 1516 hrs,1/31,1829 hrs,Bicycle Theft,,Pending
"",,,,,,,Building,
12-2068T,1/31,1537 hrs,1/30 1830 hrs,1/30,1925 hrs,3rd Degree Vehicle Burglary,Parking Structure 4,Pending
12-2073T,1/31,1715 hrs,1/31 1715 hrs,1/31,1913 hrs,Theft,Memorial Union,Pending
12-2075T,1/31,1806 hrs,1/31 1806 hrs,1/31,1854 hrs,Hit and Run Accident,Parking Structure 1,Pending
12-2076T,1/31,1810 hrs,1/31 1810 hrs,1/31,1811 hrs,Possession of Drug Paraphernalia,Hassayampa Phase II,Cleared by Arrest
"",,,,,,"2nd Degree Trespass, Possession of Drug",,
12-2091T,1/31,2145 hrs,1/31 2145 hrs,1/31,2147 hrs,,Cereus Hall,Pending
"",,,,,,"Paraphernalia, Possession of Marijuana",,
