Police Log,,,,,,,,,
Arizona State University Police Department,,,,,,,,,
"Thursday, September 01, 2016",,,,,,,,,
"",,,,,,,,,
Incident #,"DateReported","TimeReported","OccurredFromThru",Description,Location,Disposition,,,
"",,,Date,Time,Date,Time,,,
16-73116T,9/1,0028 hrs,9/1,0028 hrs,9/1,0323 hrs,Criminal Damage,Parking Structure 7,Cleared by Arrest
16-73129T,9/1,0132 hrs,9/1,0132 hrs,9/1,0147 hrs,Under 21 w/ Alcohol in the Body,323 E Veterans Way,Cleared by Arrest
16-73137T,9/1,0208 hrs,9/1,0208 hrs,9/1,0509 hrs,Possession of Drug Paraphernalia,Lot 3,Cleared by Arrest
16-73238T,9/1,1038 hrs,8/30,1300 hrs,8/30,1630 hrs,"Theft, Criminal Damage",Goldwater,Pending
16-73310T,9/1,1400 hrs,9/1,1115 hrs,9/1,1400 hrs,Theft,Lot 40,Pending
16-73421T,9/1,2144 hrs,9/1,2144 hrs,9/1,2144 hrs,Under 21 w/ Alcohol in the Body,Towers Apartments,Cleared by Arrest
16-73441T,9/1,2226 hrs,9/1,1845 hrs,9/1,2115 hrs,Theft,Sun Devil Fitness Center,Pending
16-73361T,9/1,1853 hrs,8/20,2121 hrs,9/1,2006 hrs,"Fradulent Schemes, Forgery, Possession ofMarijuana, Possession of Drug Paraphernalia",Palo Verde East,Pending
"",,,,,,,,,
"",,,,,,,,,
"",,,,,,,,,
"",,,,,,,,,
"",,,,,,,,,
"",,,,,,,,,
"",,,,,,,,,
"",,,,,,,,,
Incident #,"DateReported","TimeReported","OccurredFromThru",Description,Location,Disposition,,,
"",,,Date,Time,Date,Time,,,
16-73731T,9/2,1958 hrs,9/2,1958 hrs,9/2,1958 hrs,"Possession of Marijuana, Possession of DrugParaphernalia","S. Priest Dr. / E.University Dr.",Pending
16-73759T,9/2,2053 hrs,9/2,2100 hrs,9/2,2100 hrs,Driving with a Suspended License,"S. Rural Rd. / E.University Dr.",Cleared by Arrest
16-73780T,9/2,2152 hrs,9/2,2152 hrs,9/3,0017 hrs,DUI,"S. College Ave. / E.University Dr.",Cleared by Arrest
16-73812T,9/2,2301 hrs,9/2,2301 hrs,9/3,0439 hrs,"Possession of Narcotic Drugs, Possession ofMarijuana, Possession of Drug Paraphernalia",Sonora,Pending
16-73830T,9/2,2354 hrs,9/2,2354 hrs,9/3,0011 hrs,Under 21 with Alcohol in the Body,"S. McAllister Ave. / E.Apache Blvd.",Cleared by Arrest
16-80000201T,9/2,1103 hrs,9/1,1730 hrs,9/2,0920 hrs,Bike Theft,Rosewood Dorms,Pending
16-80000202T,9/2,1753 hrs,9/2,1600 hrs,9/2,1705 rs,Bike Theft,Life Science A,Pending
16-80000204T,9/2,1019 hrs,9/1,1600 hrs,9/2,0715 hrs,Bike Theft,Barrett Honors College,Pending
16-80000206T,9/4,1057 hrs,9/3,1500 hrs,9/3,1630 hrs,Bicycle Theft,McCord Hall,Pending
16-80000215T,9/2,1611 hrs,9/2,1600 hrs,9/2,1600 hrs,Bike Theft,"Schwada ClassroomOffice Building",Pending
"",,,,,,,,,
"",,,,,,,,,
"",,,,,,,,,
"",,,,,,,,,
Incident #,"DateReported","TimeReported","OccurredFromThru",Description,Location,Disposition,,,
"",,,Date,Time,Date,Time,,,
16-73853T,9/3,0052 hrs,9/3,0052 hrs,9/3,0052 hrs,Theft,Matthew C,Pending
16-73855T,9/3,0111 hrs,9/3,0111hrs,9/3,0111 hrs,"Possession of Marijuana, Possession of DrugParaphernalia",Sonora,Pending
16-73867T,9/3,0147 hrs,9/3,0147 hrs,9/3,0221 hrs,Under 21 With Alcohol in the Body,"S McAllister Ave/ ETyler Mall",Cleared By Arrest
16-73872D,9/3,0157 hrs,9/3,0216 hrs,9/3,0216 hrs,Under 21 With Alcohol in the Body,Taylor Place,Cleared By Arrest
16-73968P,9/3,1023 hrs,8/29,1300 hrs,9/3,1023 hrs,Burglary,South Dessert Village,Pending
16-74048T,9/3,1545 hrs,9/3,1545 hrs,9/3,1545 hrs,Theft,Sun Devil Stadium,Pending
16-74098T,9/3,1943 hrs,9/3,1943 hrs,9/3,1958 hrs,Under 21 With Alcohol in the Body,Farrington Stadium,Cleared By Arrest
16-74102T,9/3,2005 hrs,9/3,2005 hrs,9/3,2007 hrs,Theft,Sun Devil Stadium,Pending
16-74121T,9/3,2102 hrs,9/3,2102 hrs,9/3,2122 hrs,Criminal Speed,S Rural Rd/ 202,Cleared By Arrest
16-74148T,9/3,2212 hrs,9/2,2212 hrs,9/2,2212 hrs,Public Nuisance,Sun Devil Stadium,Cleared By Arrest
16-74151T,9/3,2218 hrs,9/3,2218 hrs,9/3,2218 hrs,"Possession of Marijuana, Possession of DrugParaphernalia",Parking Structure 4,Pending
16-74162T,9/3,2236 hrs,9/3,2236 hrs,9/3,2236 hrs,"DUI, DUI w/BAC of .08 or Higher","E Gilbert Dr/ SScottsdale Rd",Cleared By Arrest
16-80000205T,9/3,1419 hrs,9/1,2030 hrs,9/2,1130 hrs,Bike Theft,Cereus,Pending
16-74097T,9/3,2236 hrs,9/3,1400 hrs,9/3,2236 hrs,Disorderly Conduct,Sun Devil Stadium,Cleared By Arrest
DPS,9/3,2236 hrs,9/3,1400 hrs,9/3,2236 hrs,"Theft, Under 21 with Alcohol in the Body",Sun Devil Stadium,Cleared By Arrest
16-74102T,9/3,2236 hrs,9/3,1400 hrs,9/3,2236 hrs,Theft,Sun Devil Stadium,Pending
16-74143T,9/3,2236 hrs,9/3,1400 hrs,9/3,2236 hrs,Under 21 With Alcohol in the Body,Sun Devil Stadium,Cleared By Arrest
PHX PD,9/3,2236 hrs,9/3,1400 hrs,9/3,2236 hrs,Under 21 With Alcohol in the Body x7,Sun Devil Stadium,Cleared By Arrest
"",,,,,,,,,
"",,,,,,,,,
"",,,,,,,,,
"",,,,,,,,,
"",,,,,,,,,
"",,,,,,,,,
"",,,,,,,,,
"",,,,,,,,,
"",,,,,,,,,
"",,,,,,,,,
"",,,,,,,,,
"",,,,,,,,,
"",,,,,,,,,
"",,,,,,,,,
"",,,,,,,,,
"",,,,,,,,,
"",,,,,,,,,
"",,,,,,,,,
"",,,,,,,,,
"",,,,,,,,,
"",,,,,,,,,
"",,,,,,,,,
Incident #,"DateReported","TimeReported","OccurredFromThru",Description,Location,Disposition,,,
"",,Date,Time,Date,Time,,,,
16-74218T,9/4,0110 hrs,8/19,0000 hrs,9/4,0110 hrs,"Aggravated Assault- Impeding Ability to Breathe,Unlawful Imprisonment, Aggravated DomesticViolence",Manzanita,Pending
16-74245T,9/4,0253 hrs,9/4,0253 hrs,9/4,0253 hrs,"Person Under 21 Drinking and Driving, DUI-Impaired to the Slightest Degree, DUI- BAC Above0.08, DUI- Extreme, BAC 0.15-0.19, Possession ofDrug Paraphernalia","E. Broadway Rd. / S.Terrace Rd.",Cleared by Arrest
16-74295T,9/4,0802 hrs,9/4,0802 hrs,9/4,0802 hrs,"Excessive Speed in a Residential Area or BusinessDistrict","E. Vista Del Cerro Dr. /S. Rural Rd.",Cleared by Arrest
16-74334T,9/4,1116 hrs,9/4,1116 hrs,9/4,1300 hrs,"Possession of Marijuana, Possession of DrugParaphernalia, Misconduct Involving Weapons,","E. University Dr. / S.College Ave.",Pending
16-74392T,9/4,1600 hrs,8/19,1330 hrs,8/19,1800 hrs,Bicycle Theft,College of Design South,Pending
16-74447T,9/4,2042 hrs,9/4,2042 hrs,9/4,2356 hrs,"DUI- Alcohol, Drug, Vapor or Combination Thereof","E. University Dr. / S.McAllister Ave.",Pending
16-74476T,9/4,2218 hrs,9/4,2218 hrs,9/4,2349 hrs,"DUI- Alcohol, Drug, Vapor or Combination  Thereof",S. Ash Ave. / W 9th St.,Pending
16-74498T,9/4,2356 hrs,9/4,2356 hrs,9/5,0017 hrs,Under 21 with Alcohol in Body,"S. College Ave. / E.Apache Blvd.",Cleared by Arrest
16-80000206T,9/4,1057 hrs,9/3,1500 hrs,9/3,1630 hrs,Bicycle Theft,McCord Hall,Pending
"",,,,,,,,,
"",,,,,,,,,
"",,,,,,,,,
Incident #,"DateReported","TimeReported","OccurredFromThru",Description,Location,Disposition,,,
"",,Date,Time,Date,Time,,,,
16-74547T,9/5,0232 hrs,9/5,0232 hrs,9/5,0258 hrs,Driving with a Suspended License,"W University Dr/ S AshAve",Cleared By Arrest
16-74548T,9/5,0234 hrs,9/5,0234 hrs,9/5,0441 hrs,"DUI, Under 21 Years of Age to Drive w/Alcohol,Under 21 with Alcohol in the Body",E Apache Blvd/ S Elm St,Cleared By Arrest
16-74781T,9/5,2114 hrs,9/5,2114 hrs,9/5,2114 hrs,Possession of Drug Paraphernalia,Palo Verde West,Cleared By Arrest
16-74782T,9/5,2117 hrs,9/5,2130 hrs,9/5,2130 hrs,Driving with a Suspended License,Foot Bridge,Cleared By Arrest
16-74791T,9/5,2154 hrs,9/5,2156 hrs,9/5,2213 hrs,Possession of Drug Paraphernalia,"S McAllister Ave/ E 14thSt",Cleared By Arrest
"",,,,,,,,,
"",,,,,,,,,
"",,,,,,,,,
"",,,,,,,,,
"",,,,,,,,,
"",,,,,,,,,
"",,,,,,,,,
"",,,,,,,,,
"",,,,,,,,,
"",,,,,,,,,
"",,,,,,,,,
"",,,,,,,,,
"",,,,,,,,,
Incident #,"DateReported","TimeReported",Occurred,Description,Location,Disposition,,,
"",,From,Thru,,,,,,
"",,Date,Time,Date,Time,,,,
16-80000207T,9/6,1602 hrs,9/1,1700 hrs,9/6,1020 hrs,Bike Theft,Vista Del Sol,Pending
16-74842T,9/6,0003 hrs,9/6,0003 hrs,9/6,0055 hrs,Possession of Drug Paraphernalia,Sonora,Cleared By Arrest
16-74858W,9/6,0124 hrs,9/6,0124 hrs,9/6,0307 hrs,Theft,Kiva,Pending
16-75032T,9/6,1238 hrs,9/1,1300 hrs,9/2,0830 hrs,Bike Theft,Hassayampa Phase 1,Pending
16-75135D,9/6,1939 hrs,9/6,1939 hrs,9/6,1939 hrs,Excessive Speed,E Van Buren St/ N 7th St,Cleared By Arrest
16-75173D,9/6,2133 hrs,9/6,2133 hrs,9/6,2133 hrs,"Possession of Drug Paraphernalia, Possession ofStolen Property, Possession of Dangerous Drugs",S Rural Rd/ E 6th St,Pending
16-75184T,9/6,2203 hrs,9/6,2203 hrs,9/6,2347 hrs,"Possession of Marijuana, Possession of DrugParaphernalia",San Pablo,Pending
16-80000207T,9/6,1602 hrs,9/1,1700 hrs,9/6,1020 hrs,Bike Theft,Vista Del Sol,Pending
16-80000210 T,9/6,2026 hrs,9/6,1815 hrs,9/6,1945 hrs,Bike Theft,Palo Verde W,Pending
16-80000208T,9/6,1017 hrs,9/3,2235 hrs,9/3,1135 hrs,Bike Theft,Sun Devil Stadium,Pending
16-80000207T,9/6,1602 hrs,9/1,1700 hrs,9/6,1020 hrs,Bike Theft,Vista Del Sol,Pending
16-80000210T,9/6,2026 hrs,9/6,1815 hrs,9/6,1945 hrs,Bike Theft,Palo Verde W,Pending
"",,,,,,,,,
Incident #,"DateReported","TimeReported","OccurredFromThru",Description,Location,Disposition,,,
"",,Date,Time,Date,Time,,,,
16-80000211T,9/7,1636 hrs,9/2,2200 hrs,9/6,0220 hrs,Bike Theft,Palo Verde E,Pending
16-75219D,9/7,0053 hrs,9/7,0553 hrs,9/7,0104 hrs,Littering,"W Jefferson St/ S 1stAve",Cleared By Arrest
16-75246T,9/7,0258 hrs,9/7,0240 hrs,9/7,0355 hrs,Criminal Trespass,Juniper,Cleared By Arrest
16-75475T,9/7,1757 hrs,9/7,1730 hrs,9/7,1800 hrs,Criminal Damage,Farmer,Pending
16-75525T,9/7,2109 hrs,9/7,2109 hrs,9/7,2234 hrs,"Possession of Marijuana, Possession of DrugParaphernalia",Adelphi 2,Pending
16-80000211T,9/7,1636 hrs,9/2,2200 hrs,9/6,1420 hrs,Bike Theft,Palo Verde E,Pending
"",,,,,,,,,
"",,,,,,,,,
"",,,,,,,,,
"",,,,,,,,,
"",,,,,,,,,
"",,,,,,,,,
"",,,,,,,,,
"",,,,,,,,,
"",,,,,,,,,
"",,,,,,,,,
Incident #,"DateReported","TimeReported","OccurredFromThru",Description,Location,Disposition,,,
"",,Date,Time,Date,Time,,,,
16-80000212T,9/8,1231 hrs,9/8,2410 hrs,9/8,1010 hrs,Bike Theft,University Towers,Pending
16-75596T,9/8,0107 hrs,9/8,0107 hrs,9/8,0116 hrs,Under 21 With Alcohol in the Body,Jimmy Johns,Cleared By Arrest
16-75599T,9/8,0117 hrs,9/8,0130 hrs,9/8,0130 hrs,Under 21 With Alcohol in the Body,"S College Ave/ E LemonSt",Cleared By Arrest
16-75672T,9/8,0817 hrs,9/2,2230 hrs,9/3,0700 hrs,Theft,Memorial Union,Pending
16-75831T,9/8,1827 hrs,9/8,1827 hrs,9/8,1827 hrs,"Possession for Sale of Marijuana, Possession ofMarijuana, Possession of Drug Paraphernalia",San Pablo,Pending
16-75836T,9/8,1829 hrs,9/8,1829 hrs,9/8,1829 hrs,Criminal Damage,Parking Structure,Pending
16-75849T,9/8,1921 hrs,9/8,1921 hrs,9/8,1929 hrs,Theft,"College AvenueCommons",Pending
16-75889T,9/8,2112 hrs,9/8,2112 hrs,9/8,2112 hrs,"Possession of Marijuana, Possession of DrugParaphernalia",San Pablo,Pending
"",,,,,,,,,
"",,,,,,,,,
"",,,,,,,,,
"",,,,,,,,,
"",,,,,,,,,
"",,,,,,,,,
"",,,,,,,,,
"",,,,,,,,,
Incident #,"DateReported","TimeReported","OccurredFromThru",Description,Location,Disposition,,,
"",,,Date,Time,Date,Time,,,
16-75975T,9/9,0056 hrs,9/9,0056 hrs,9/9,0056 hrs,"Under 21 w/ Alcohol in the Body, Under 21Possession of Alcohol",S McAllister / E Lemon,Cleared by Arrest
16-75979T,9/9,0110 hrs,9/9,0110 hrs,9/9,0149 hrs,Under 21 w/ Alcohol in the Body,Manzanita,Cleared by Arrest
16-76026T,9/9,0540 hrs,9/9,0540 hrs,9/9,0540 hrs,Unlawful Possession of Prescription Drugs,"S College Ave / EUniversity Dr",Cleared by Arrest
16-76082T,9/9,0916 hrs,9/8,1630 hrs,9/8,1900 hrs,"Bicycle Theft, Criminal Damage",Goldwater,Pending
16-76134T,9/9,1310 hrs,9/9,1310 hrs,9/9,1310 hrs,"Possession of Marijuana, Possession of DrugParaphernalia",300 Blk E Apache Blvd,Pending
16-76199T,9/9,1823 hrs,9/9,1823 hrs,9/9,1823 hrs,Theft,Sun Devil Fitness Center,Pending
16-76235T,9/9,2040 hrs,9/9,2040 hrs,9/9,2106 hrs,Under 21 w/ Alcohol in the Body,Wells Fargo Arena,Cleared by Arrest
16-76276T,9/9,2220 hrs,9/8,1515 hrs,9/9,0830 hrs,Theft,Wexler Hall,Pending
16-76293T,9/9,2310 hrs,9/9,2310 hrs,9/9,2310 hrs,"Under 21 possession of Alcohol, Public Consumptionof Alcohol",Lot 20,Cleared by Arrest
"",,,,,,,,,
"",,,,,,,,,
"",,,,,,,,,
"",,,,,,,,,
"",,,,,,,,,
Incident #,"DateReported","TimeReported","OccurredFromThru",Description,Location,Disposition,,,
"",,Date,Time,Date,Time,,,,
16-76323T,9/10,0115 hrs,9/10,0115 hrs,9/10,0200 hrs,"Possession of Marijuana, Possession of DrugParaphernalia",Vista del Sol,Pending
16-76328T,9/10,0123 hrs,9/7,1700 hrs,9/10,0100 hrs,Leaving the scene of attended vehicle accident,"Stadium ParkingStructure",Pending
16-76338T,9/10,0229 hrs,9/10,0229 hrs,9/10,0229 hrs,Public Nuisance,Tempe Center,Cleared by Arrest
16-76343T,9/10,0316 hrs,9/10,0316 hrs,9/10,0744 hrs,Possession of Drug Paraphernalia,Hassyampa Phase II,Cleared by Arrest
16-76481T,9/10,1446 hrs,9/10,1446 hrs,9/10,1446 hrs,Driving w/ a Suspended License,"S Mill Ave / EUniversity Dr",Cleared by Arrest
16-76535T,9/10,1827 hrs,9/10,1827 hrs,9/10,1827 hrs,Under 21 w/ Alcohol in the Body,Karsten Golf Course,Cleared by Arrest
16-76538T,9/10,1845 hrs,9/10,1845 hrs,9/10,1845 hrs,Criminal Damage,Karsten Golf Course,Pending
16-76580T,9/10,2050 hrs,9/10,2050 hrs,9/10,2050 hrs,Under 21 w/ Alcohol in the Body,Sun Devil Stadium,Cleared by Arrest
16-76590T,9/10,2054 hrs,9/10,2027 hrs,9/10,2222 hrs,"Vehicle Burglary, Fraudulent Use of a Credit Card","Student ServicesBuilding",Pending
16-80000218T,9/10,1604 hrs,9/10,1430 hrs,9/10,1530 hrs,Bike Theft,"300 Block of E OrangeMall",Pending
16-80000217T,9/10,2057 hrs,9/10,1430 hrs,9/10,1530 hrs,Bike Theft,"400 Block of E ApacheBlvd",Pending
16-76542T,9/10,1900 hrs,9/10,1900 hrs,9/10,1900 hrs,"Unlawful to sell/furnish/dispose of/give liquor tounder aged person",Karsten Golf Course,Cleared by Arrest
16-76520T,9/10,1753 hrs,9/10,1753 hrs,9/10,1753 hrs,Under 21 w/ Alcohol in the Body,Sun Devil Stadium,Cleared by Arrest
DPS X 6,9/10,1753 hrs,9/10,1753 hrs,9/10,1753 hrs,Under 21 w/ Alcohol in the Body,Sun Devil Stadium,Cleared by Arrest
16-76551T,9/10,1917 hrs,9/10,1917 hrs,9/10,1917 hrs,Trespassing,Sun Devil Stadium,Cleared by Arrest
16-76562T,9/10,1753 hrs,9/10,1753 hrs,9/10,1753 hrs,Under 21 w/ Alcohol in the Body,Sun Devil Stadium,Cleared by Arrest
16-76565T,9/10,1958 hrs,9/10,1958 hrs,9/10,1958 hrs,Trespassing,Sun Devil Stadium,Cleared by Arrest
16-80000223T,9/10,1412 hrs,9/10,1000 hrs,9/10,1200 hrs,Theft,Music East,Pending
"",,,,,,,,,
"",,,,,,,,,
"",,,,,,,,,
"",,,,,,,,,
"",,,,,,,,,
Incident #,"DateReported","TimeReported","OccurredFromThru",Description,Location,Disposition,,,
"",,,Date,Time,Date,Time,,,
16-76749T,9/11,0357 hrs,9/11,0357 hrs,9/11,0357 hrs,Minor with alcohol in body,Manzanita,Cleared by arrest
16-76846T,9/11,1145 hrs,9/11,0940 hrs,9/11,1040 hrs,Theft,Hayden Library,Pending
16-76880T,9/11,1537 hrs,9/10,1900 hrs,9/11,0800 hrs,Theft,Sun Devil Stadium,Pending
16-76959T,9/11,2107 hrs,9/11,2107 hrs,9/11,2245 hrs,Minor with alcohol in body,Villas at Vista Del Sol,Cleared by arrest
16-76965T,9/11,2119 hrs,9/11,2119 hrs,9/11,2119 hrs,Assault,"600 Block E ApacheBlvd",Pending
16-77001T,9/11,2342 hrs,9/11,1730 hrs,9/11,2100 hrs,Sex Abuse,San Pablo,Pending
16-80000214P,9/11,2014 hrs,9/11,1220 hrs,9/11,1900 hrs,Theft,South Desert Village,Pending
16-80000216T,9/11,0851 hrs,9/10,1015 hrs,9/10,1015 hrs,Theft,"50 Block of E GammagePkwy",Pending
"",,,,,,,,,
Incident #,"DateReported","TimeReported","OccurredFromThru",Description,Location,Disposition,,,
"",,Date,Time,Date,Time,,,,
16-77180T,9/12,1332 hrs,9/11,1400 hrs,9/12,1254 hrs,Theft,Parking Structure 5,Pending
16-77235T,9/12,1757 hrs,9/12,1755 hrs,9/12,1958 hrs,Aggravated Assault,"1400 Block of S RuralRd",Pending
16-77339D,9/12,2340 hrs,9/12,2340 hrs,9/12,2340 hrs,"Dumping Refuse, Rubbish, or Debris on highway",E Washington St/N 7th,Cleared by Arrest
16-80000213T,9/12,1115 hrs,9/12,1050 hrs,9/12,1050 hrs,Bike Theft,"1200 Block of S RuralRd",Pending
16-80000219T,9/12,1313 hrs,9/9,1559 hrs,9/10,1300 hrs,Bike Theft,University Towers,Pending
16-80000220T,9/12,1524 hrs,9/9,1510 hrs,9/12,1500 hrs,Bike Theft,Sun Devil Fitness,Pending
16-80000228T,9/12,2103 hrs,9/12,0815 hrs,9/12,1215 hrs,Hit and Run Accident,Parking Structure 4,Pending
"",,,,,,,,,
"",,,,,,,,,
"",,,,,,,,,
"",,,,,,,,,
"",,,,,,,,,
"",,,,,,,,,
"",,,,,,,,,
"",,,,,,,,,
Incident #,"DateReported","TimeReported","OccurredFromThru",Description,Location,Disposition,,,
"",,Date,Time,Date,Time,,,,
16-77411T,9/13,0929 hrs,9/13,0840 hrs,9/13,0929 hrs,Criminal Damage,Sun Devil Stadium,Pending
16-77651T,9/13,2240 hrs,9/13,2030 hrs,9/13,2230 hrs,"Harassment-Following in Public, Harassment-Surveillance","500 Block of S ForestAve",Pending
16-77680T,9/13,2350 hrs,9/13,2350 hrs,9/14,0220 hrs,"Possession of Marijuana, Possession of Paraphernalia","S College Ave/EParkway Blvd",Pending
16-80000222T,9/13,2115 hrs,9/13,1800 hrs,9/13,1715 hrs,Bike Theft,Lattie Coor Hall,Pending
"",,,,,,,,,
"",,,,,,,,,
"",,,,,,,,,
"",,,,,,,,,
"",,,,,,,,,
"",,,,,,,,,
"",,,,,,,,,
"",,,,,,,,,
"",,,,,,,,,
"",,,,,,,,,
"",,,,,,,,,
"",,,,,,,,,
"",,,,,,,,,
Incident #,"DateReported","TimeReported","OccurredFromThru",Description,Location,Disposition,,,
"",,,Date,Time,Date,Time,,,
16-77762P,9/14,0817 hrs,9/14,0817 hrs,9/14,0817 hrs,Trespassing,"Sun Devil Fitness CenterPoly",Pending
16-77772T,9/14,0915 hrs,9/10,2200 hrs,9/10,2210 hrs,Bike Theft,Cereus Hall,Pending
16-77792T,9/14,0841 hrs,7/17,0800 hrs,9/13,1100 hrs,Criminal Damage,Soccer Stadium,Pending
16-77879T,9/14,1400 hrs,9/14,0900 hrs,9/14,1400 hrs,Theft,Memorial Union,Pending
16-77951D,9/14,1715 hrs,8/25,0800 hrs,9/14,1700 hrs,Harassment-Communication,"Arizona Center for Lawand Society",Pending
16-78009T,9/14,2205 hrs,9/14,2205 hrs,9/15,0045 hrs,"DUI w/BAC of .08 or higher, DUI-Alcohol, Drug,Vapor, Combination Thereof, Fail to comply with theorder of a police officer","S Mill Ave/E GammagePkwy",Cleared by Arrest
16-78017T,9/14,2227 hrs,9/14,2227 hrs,9/14,2227 hrs,"Possession of Marijuana, Possession of DrugParaphernalia",Secret Garden,Pending
16-80000227T,9/14,1640 hrs,9/12,1505 hrs,9/13,0830 hrs,Theft,Manzanita,Pending
16-80000241T,9/14,1206 hrs,9/13,1730 hrs,9/13,2200 hrs,Bike Theft,Nobel Library,Pending
"",,,,,,,,,
"",,,,,,,,,
Incident #,"DateReported","TimeReported","OccurredFromThru",Description,Location,Disposition,,,
"",,,Date,Time,Date,Time,,,
16-78073T,9/15,0118 hrs,9/15,0118 hrs,9/15,0118 hrs,Under 21 w/ Alcohol in the Body,Hassyamapa Phase II,Cleared by Arrest
16-78283T,9/15,1843 hrs,9/15,1843 hrs,9/15,1843 hrs,Trespassing,Coor Hall,Cleared by Arrest
16-78292T,9/15,1936 hrs,9/15,1936 hrs,9/15,2045 hrs,Bicycle Theft,SHESC,Pending
16-78344T,9/15,2209 hrs,9/15,2209 hrs,9/15,2241 hrs,Reckless Driving,Lot 59,Cleared by Arrest
16-78346T,9/15,2221 hrs,9/15,2221 hrs,9/15,2221 hrs,Reckless Driving,Lot 59,Cleared by Arrest
16-78368T,9/15,2305 hrs,9/15,2305 hrs,9/16,0129 hrs,"Possession of Marijuana, Possession of DrugParaphernalia, Under 21 w/ Alcohol in the Body",University House,Pending
"",,,,,,,,,
"",,,,,,,,,
"",,,,,,,,,
"",,,,,,,,,
"",,,,,,,,,
"",,,,,,,,,
"",,,,,,,,,
Incident #,"DateReported","TimeReported","OccurredFromThru",Description,Location,Disposition,,,
"",,,Date,Time,Date,Time,,,
16-78413T,9/16,0141 hrs,9/16,0141 hrs,9/16,0216 hrs,Minor with Alcohol in Body x2,Villas at Vista Del sol,Cleared by Arrest
16-78513T,9/16,0944 hrs,9/16,0630 hrs,9/16,0930 hrs,Bike Theft,Music West,Pending
16-78655T,9/16,2017 hrs,9/16,2017 hrs,9/16,2017 hrs,Driving with a suspended/cancelled/revoked license,"N Scottsdale Rd/E CurryRd",Cleared by Arrest
16-78675T,9/16,2111 hrs,9/16,2000 hrs,9/16,2111 hrs,Criminal Damage,Vista Del Sol,Pending
16-80000224P,9/16,1226 hrs,9/14,1800 hrs,9/18,0530 hrs,Bike Theft,Century Hall,Pending
16-80000225T,9/16,1455 hrs,9/6,0900 hrs,9/6,1400 hrs,Hit and Run Accident,Parking Structure 4,Pending
16-80000226T,9/16,1500 hrs,9/13,1650 hrs,9/16,1455 hrs,Theft,Social Sciences,Pending
"",,,,,,,,,
"",,,,,,,,,
"",,,,,,,,,
"",,,,,,,,,
"",,,,,,,,,
"",,,,,,,,,
"",,,,,,,,,
"",,,,,,,,,
"",,,,,,,,,
"",,,,,,,,,
Incident #,"DateReported","TimeReported","OccurredFromThru",Description,Location,Disposition,,,
"",,,Date,Time,Date,Time,,,
16-78746T,9/17,0027 hrs,9/17,0027 hrs,9/17,0027 hrs,unlawful to Sell Liquor to an Under Age Person,Parking Structure 5,Cleared By Arrest
16-78750T,9/17,0028 hrs,9/17,0028 hrs,9/17,0028 hrs,Possession of Drug Paraphernalia,Parking Structure 7,Cleared By Arrest
16-78763T,9/17,0112 hrs,9/17,0112 hrs,9/17,0232 hrs,"Possession of Marijuana, Possession DrugParaphernalia",McClintock Hall,Pending
16-78766T,9/17,0123 hrs,9/17,0123 hrs,9/17,0123 hrs,unlawful to Sell Liquor to an Under Age Person,The Hub,Cleared By Arrest
16-78772T,9/17,0147 hrs,9/17,0147 hrs,9/17,0147 hrs,Under 21 with Alcohol in the Body,Parking Structure 5,Cleared By Arrest
16-78773T,9/17,0148 hrs,9/17,0148 hrs,9/17,0213 hrs,Under 21 with Alcohol in the Body,Secret Garden,Cleared By Arrest
16-78779T,9/17,0213 hrs,9/17,0213 hrs,9/17,2000 hrs,"DUI-Extreme w/BAC of .15 or Higher, DUI w/BACof .08 or Higher, DUI, Unlawful to Consume LiquorWhile Driving or w/in Passenger Compartment","E University Dr/S PriestRd",Cleared By Arrest
16-78800T,9/17,0427 hrs,9/17,0427 hrs,9/17,0529 hrs,Burglary,Memorial Union,Cleared By Arrest
16-78878T,9/17,1332 hrs,9/17,1332 hrs,9/17,1042 hrs,Theft,"300 Block E ApacheBlvd",Pending
16-78938T,9/17,2036 hrs,9/17,2036 hrs,9/17,2135 hrs,"unlawful to Sell Liquor to an Under Age Person,Under 21 with Alcohol in the Body","E Spence Ave/ S JentillyLn",Cleared By Arrest
16-78957T,9/17,2133 hrs,9/17,2133 hrs,9/17,2143 hrs,Unlawful to Sell Liquor to an Under Age Person,Villas,Cleared By Arrest
16-79011T,9/17,2339 hrs,9/17,2339 hrs,9/18,0014 hrs,Racing on Roadway,S Rural Rd/ E Lemon St,Cleared By Arrest
16-80000229T,9/17,1110 hrs,8/29,1200 hrs,8/30,1000 hrs,Bike Theft,Towers Apartments,Pending
16-79018T,9/17,2355 hrs,9/17,2355 hrs,9/17,2355 hrs,"Possession of Marijuana, Possession DrugParaphernalia","Vista Del Sol ParkingStructure",Pending
"",,,,,,,,,
"",,,,,,,,,
"",,,,,,,,,
"",,,,,,,,,
Incident #,"DateReported","TimeReported","OccurredFromThru",Description,Location,Disposition,,,
"",,,Date,Time,Date,Time,,,
16-79034T,9/18,0041 hrs,9/18,0041 hrs,9/18,0057 hrs,Minor with Alcohol in Body,"E Apache Blvd/SNormal Ave",Cleared by Arrest
16-79035T,9/18,0048 hrs,9/18,0048 hrs,9/18,0048 hrs,Minor with Alcohol in Body,Fulton Parking Structure,Cleared by Arrest
16-79041T,9/18,0118 hrs,9/18,0118 hrs,9/18,0118 hrs,Minor with Alcohol in Body x2,San Pablo,Cleared by Arrest
16-79051T,9/18,0145 hrs,9/18,0145 hrs,9/18,0145 hrs,Minor with Alcohol in Body x2,Agave Hall,Cleared by Arrest
16-79062T,9/18,0214 hrs,9/18,0214 hrs,9/18,0214 hrs,"DUI-Alcohol, Drug, Vapor, Combination Thereof","400 Block of WBroadway Rd",Pending
16-79246P,9/18,2030 hrs,9/18,2020 hrs,9/18,2036 hrs,"Aggravated Assault, Criminal Damage",South Desert Village,Cleared by Arrest
16-79281D,9/18,2252 hrs,9/18,2252 hrs,9/18,2252 hrs,Possession of Drug Paraphernalia,"E Washington St/N 8thSt",Cleared by Arrest
"",,,,,,,,,
"",,,,,,,,,
"",,,,,,,,,
"",,,,,,,,,
"",,,,,,,,,
"",,,,,,,,,
"",,,,,,,,,
"",,,,,,,,,
"",,,,,,,,,
"",,,,,,,,,
Incident #,"DateReported","TimeReported","OccurredFromThru",Description,Location,Disposition,,,
"",,,Date,Time,Date,Time,,,
16-79314P,9/19,0227 hrs,8/23,0001 hrs,9/19,0150 hrs,Criminal Damage,Palo Blanco,Pending
16-79346T,9/19,0714 hrs,9/16,1630 hrs,9/19,0530 hrs,Burglary,Cholla A-Wing,Pending
16-79418D,9/19,1759 hrs,9/19,1305 hrs,9/19,1759 hrs,Harassment,"Arizona Center for Lawand Society",Pending
16-79419T,9/19,1326 hrs,9/19,1311 hrs,9/19,1326 hrs,Theft,Sun Devil Fitness Center,Pending
16-79446T,9/19,1313 hrs,9/16,1930 hrs,9/18,1800 hrs,Burglary,"School of HumanEvolution and SocialChange",Pending
16-79530D,9/19,2100 hrs,9/19,2100 hrs,9/19,2100 hrs,Excessive Speed,E Van Buren St/N 7th St,Cleared by Arrest
16-79550T,9/19,2212 hrs,9/16,1600 hrs,9/19,2100 hrs,Theft,Vista Del Sol,Pending
16-79413T,9/19,1244 hrs,9/19,1244 hrs,9/19,1244 hrs,"Fraudulent Schemes and Artifices, Forgery",Farmer Building,Cleared by Arrest
16-79548W,9/19,2203 hrs,9/19,1900 hrs,9/19,1930 hrs,Theft by Extortion,Casa De Oro,Pending
16-80000232T,9/19,2110 hrs,9/19,1655 hrs,9/19,1955 hrs,Bike Theft,Wrigley Hall,Pending
"",,,,,,,,,
"",,,,,,,,,
"",,,,,,,,,
Incident #,"DateReported","TimeReported","OccurredFromThru",Description,Location,Disposition,,,
"",,Date,Time,Date,Time,,,,
16-79582T,9/20,0010 hrs,9/20,0010 hrs,9/20,0045 hrs,Possession of Drug Paraphernalia,"Parking Structure FultonCenter",Cleared by Arrest
16-79622T,9/20,0637 hrs,9/20,0637 hrs,9/20,1513 hrs,Burglary,"S Rural Rd/E Rio SaladoPkwy",Pending
16-79646D,9/20,0807 hrs,9/20,0355 hrs,9/20,0415 hrs,Harassment,Taylor Place,Pending
16-79699T,9/20,1100 hrs,7/27,0000 hrs,8/16,2359 hrs,Theft,Music West,Pending
16-79725T,9/20,1301 hrs,9/20,1225 hrs,9/20,1230 hrs,Theft,Language and Literature,Pending
16-79726T,9/20,1310 hrs,9/19,2330 hrs,9/20,1213 hrs,Theft,Towers,Pending
16-79820T,9/20,1947 hrs,9/20,1917 hrs,9/20,1918 hrs,Criminal Damage,Parking Structure 5,Pending
16-79826T,9/20,2027 hrs,9/20,2027 hrs,9/20,2157 hrs,Criminal Trespass,Memorial Union,Cleared by Arrest
16-80000230T,9/20,1606 hrs,9/20,1330 hrs,9/20,1430 hrs,Bike Theft,Life Sciences E-Wing,Pending
"",,,,,,,,,
"",,,,,,,,,
"",,,,,,,,,
"",,,,,,,,,
"",,,,,,,,,
"",,,,,,,,,
Incident #,"DateReported","TimeReported","OccurredFromThru",Description,Location,Disposition,,,
"",,,Date,Time,Date,Time,,,
16-80237T,9/22,0022 hrs,9/22,0022 hrs,9/22,0137 hrs,Criminal Trespass,Skyspace,Cleared by Arrest
16-80251T,9/22,0118 hrs,9/22,0118 hrs,9/22,0434 hrs,Under 21 with Alcohol in Body x2,Manzanita,Cleared by Arrest
16-80536T,9/22,2131 hrs,9/22,2131 hrs,9/23,0017 hrs,"Possession of  Marijuana, Possession ofParaphernalia, Possession of Narcotic Drugs",Agave,Cleared by Arrest
16-80000231D,9/22,1909 hrs,9/18,1855 hrs,9/22,1855 hrs,Bike Theft,Taylor Place Mall,Pending
16-80556T,9/22,2256 hrs,9/22,2256 hrs,9/22,2256 hrs,"Unlawful to Sell/Furnish/Dispose of/give Liquor to anUnder Aged Person",Villas at Vista Del Sol,Cleared by Arrest
16-80566T,9/22,2326 hrs,9/22,2326 hrs,9/23,0128 hrs,Criminal Trespass,McCord Hall,Cleared by Arrest
16-80000255T,9/22,1316 hrs,9/21,1830 hrs,9/22,1000 hrs,Bike Theft,University Towers,Pending
"",,,,,,,,,
"",,,,,,,,,
"",,,,,,,,,
"",,,,,,,,,
"",,,,,,,,,
"",,,,,,,,,
"",,,,,,,,,
"",,,,,,,,,
"",,,,,,,,,
"",,,,,,,,,
Incident #,"DateReported","TimeReported","OccurredFromThru",Description,Location,Disposition,,,
"",,,Date,Time,Date,Time,,,
16-80237T,9/22,0022 hrs,9/22,0022 hrs,9/22,0137 hrs,Criminal Trespass,Skyspace,Cleared by Arrest
16-80251T,9/22,0118 hrs,9/22,0118 hrs,9/22,0434 hrs,Under 21 with Alcohol in Body x2,Manzanita,Cleared by Arrest
16-80536T,9/22,2131 hrs,9/22,2131 hrs,9/23,0017 hrs,"Possession of  Marijuana, Possession ofParaphernalia, Possession of Narcotic Drugs",Agave,Cleared by Arrest
16-80000231D,9/22,1909 hrs,9/18,1855 hrs,9/22,1855 hrs,Bike Theft,Taylor Place Mall,Pending
16-80556T,9/22,2256 hrs,9/22,2256 hrs,9/22,2256 hrs,"Unlawful to Sell/Furnish/Dispose of/give Liquor to anUnder Aged Person",Villas at Vista Del Sol,Cleared by Arrest
16-80566T,9/22,2326 hrs,9/22,2326 hrs,9/23,0128 hrs,Criminal Trespass,McCord Hall,Cleared by Arrest
"",,,,,,,,,
"",,,,,,,,,
"",,,,,,,,,
"",,,,,,,,,
"",,,,,,,,,
"",,,,,,,,,
"",,,,,,,,,
"",,,,,,,,,
"",,,,,,,,,
"",,,,,,,,,
"",,,,,,,,,
"",,,,,,,,,
Incident #,"DateReported","TimeReported","OccurredFromThru",Description,Location,Disposition,,,
"",,Date,Time,Date,Time,,,,
16-80592T,9/23,0127 hrs,9/23,0127 hrs,9/23,0127 hrs,"DUI, Under 21 DUI, Under 21 w/ Alcohol in theBody",1480 S Rural Rd,Pending
16-80602T,9/23,0224 hrs,9/23,0224 hrs,9/23,0401 hrs,Under 21 w/ Alcohol in the Body,Hassyampa Phase I,Cleared by Arrest
16-80613T,9/23,0340 hrs,9/23,0320 hrs,9/23,0320 hrs,Trespass,Palo Verde West,Pending
16-80623T,9/23,0452 hrs,9/23,0452 hrs,9/23,0452 hrs,Under 21 w/ Alcohol in the Body,Barrett,Cleared by Arrest
16-80823T,9/23,2029 hrs,9/23,2029 hrs,9/23,2352 hrs,"Aggravated Assault w/ Deadly Weapon, Threatening",Lot 63,Pending
16-80886T,9/23,2305 hrs,9/23,2305 hrs,9/23,2305 hrs,Public Nuisance,Parking Structure 5,Cleared by Arrest
16-80000233T,9/23,1659 hrs,9/23,1425 hrs,9/23,1620 hrs,Bike Theft,"Physical Sciences H-Wing",Pending
"",,,,,,,,,
"",,,,,,,,,
"",,,,,,,,,
"",,,,,,,,,
"",,,,,,,,,
"",,,,,,,,,
"",,,,,,,,,
"",,,,,,,,,
"",,,,,,,,,
Incident #,"DateReported","TimeReported","OccurredFromThru",Description,Location,Disposition,,,
"",,,Date,Time,Date,Time,,,
16-80930T,9/24,0126 hrs,9/24,0126 hrs,9/24,0550 hrs,"Possession of Marijuana, Under 21 with Alcohol inBody",Palo Verde West,Pending
16-80947T,9/24,0310 hrs,9/24,0310 hrs,9/24,0324 hrs,"Burglary, Possession of Burglary Tools, Possession ofDrug Paraphernalia",Cholla Apartments,Pending
16-81088T,9/24,1751 hrs,9/24,1751 hrs,9/24,1751 hrs,Public Nuisance,Karsten Golf Course,Cleared by Arrest
16-81090T,9/24,1751 hrs,9/24,1751 hrs,9/24,1751 hrs,Public Nuisance,Karsten Golf Course,Cleared by Arrest
16-81091T,9/24,1751 hrs,9/24,1751 hrs,9/24,1751 hrs,Public Nuisance,Karsten Golf Course,Cleared by Arrest
16-81184T,9/24,2217 hrs,9/24,2217 hrs,9/24,2217 hrs,"Under 21 with Alcohol in Body, Refusal to ProvideTruthful Name when Lawfully Detained",S Rural Rd/E Tyler St,Cleared by Arrest
16-81203T,9/24,2317 hrs,9/24,2317 hrs,9/24,0224 hrs,"DUI-Alcohol, Drug, Vapor, Combination Thereof",750 Block S Priest Rd,Pending
16-81217T,9/24,2356 hrs,9/24,2356 hrs,9/24,2356 hrs,"Unlawful to Sell/Furnish/Dispose of/give Liquor to anUnder Aged Person","300 Block E ApacheBlvd",Cleared by Arrest
DPS,9/24,1000 hrs,9/24,1000 hrs,9/24,2301 hrs,Under 21 Possession of Alcohol,Sun Devil Stadium South,Cleared by Arrest
DPS,9/24,1000 hrs,9/24,1000 hrs,9/24,2301 hrs,Under 21 Possession of Alcohol,Rural Rd/ Rio Salado,Cleared by Arrest
DPS,9/24,1000 hrs,9/24,1000 hrs,9/24,2301 hrs,"Under 21 Possession of Alcohol, Under 21 WithAlcohol in the Body",Parking Lot 6,Cleared by Arrest
DPS,9/24,1000 hrs,9/24,1000 hrs,9/24,2301 hrs,Under 21 with Alcohol in Body,"Rio Salado / ScottsdaleRd",Cleared by Arrest
"",,,,,,,,Rio Salado / Scottsdale,
DPS,9/24,1000 hrs,9/24,1000 hrs,9/24,2301 hrs,Under 21 With Alcohol in the Body,,Cleared by Arrest
"",,,,,,,,Rd,
"",,,,,,,"Under 21 Possession of Alcohol, Under 21 With",,
DPS,9/24,1000 hrs,9/24,1000 hrs,9/24,2301 hrs,,Rural Rd/ Rio Salado,Cleared by Arrest
"",,,,,,,Alcohol in the Body,,
"",,,,,,,"Under 21 Possession of Alcohol, Under 21 With",,
DPS,9/24,1000 hrs,9/24,1000 hrs,9/24,2301 hrs,,Rural Rd/ Rio Salado,Cleared by Arrest
"",,,,,,,Alcohol in the Body,,
"",,,,,,,"Under 21 Possession of Alcohol, Under 21 With",,
DPS,9/24,1000 hrs,9/24,1000 hrs,9/24,2301 hrs,,ASU Stadium South,Cleared by Arrest
"",,,,,,,Alcohol in the Body,,
"",,,,,,,"Under 21 Posession of Alcohol, Under 21 With",,
DPS,9/24,1000 hrs,9/24,1000 hrs,9/24,2301 hrs,,ASU Stadium South,Cleared by Arrest
"",,,,,,,Alcohol in the Body,,
Incident #,"DateReported","TimeReported","OccurredFromThru",Description,Location,Disposition,,,
"",,,Date,Time,Date,Time,,,
16-81231T,9/25,0027 hrs,9/25,0027 hrs,9/25,0954 hrs,Under 21 with Alcohol in Body,Manzanita,Cleared by Arrest
16-81237P,9/25,0038 hrs,9/25,0038 hrs,9/25,0201 hrs,Possession of Drug Paraphernalia,Eagle Hall,Cleared by Arrest
16-81283T,9/25,0454 hrs,9/25,0454 hrs,9/25,0603 hrs,Criminal Trespass,Physical Education East,Pending
16-81341T,9/25,1023 hrs,9/25,1023 hrs,9/25,1049 hrs,"Criminal Trespass, Unlawful to Consume Alcohol inPublic",Memorial Union,Cleared by Arrest
16-81437T,9/25,1914 hrs,9/25,1914 hr,9/25,1914 hrs,Driving with a suspended/cancelled/revoked license,400 Block E Lemon St,Cleared by Arrest
16-81460P,9/25,2018 hrs,9/25,2018 hrs,9/25,2049 hrs,Littering or Polluting,"S Innovation Way East/EInnovation Way North",Cleared by Arrest
"",,,,,,,,,
"",,,,,,,,,
"",,,,,,,,,
"",,,,,,,,,
"",,,,,,,,,
"",,,,,,,,,
"",,,,,,,,,
"",,,,,,,,,
"",,,,,,,,,
"",,,,,,,,,
Incident #,"DateReported","TimeReported","OccurredFromThru",Description,Location,Disposition,,,
"",,,Date,Time,Date,Time,,,
16-81833T,9/26,1905 hrs,9/26,1905 hrs,9/26,0048 hrs,Bike Theft,Language and Literature,Pending
16-81869T,9/26,2127 hrs,9/26,1930 hrs,9/26,2128 hrs,Surreptitious Photographing,Education Lecture Hall,Cleared By Arrest
16-81879D,9/26,2152 hrs,9/26,2152 hrs,9/26,2215 hrs,Excessive Speed,N 7th St/ E Polk St,Cleared By Arrest
"",,,,,,,,,
"",,,,,,,,,
"",,,,,,,,,
"",,,,,,,,,
"",,,,,,,,,
"",,,,,,,,,
"",,,,,,,,,
"",,,,,,,,,
"",,,,,,,,,
"",,,,,,,,,
"",,,,,,,,,
"",,,,,,,,,
"",,,,,,,,,
"",,,,,,,,,
"",,,,,,,,,
"",,,,,,,,,
Incident #,"DateReported","TimeReported","OccurredFromThru",Description,Location,Disposition,,,
"",,Date,Time,Date,Time,,,,
16-81949D,9/27,0358 hrs,9/27,0358 hrs,9/27,0358 hrs,Criminal Trespass,Post Office,Closed
16-81978W,9/27,0736 hrs,9/27,0736 hrs,9/27,0902 hrs,Driving with a suspended/cancelled/revoked license,N 51st Ave/W Sierra St,Cleared by Arrest
16-82165T,9/27,2112 hrs,9/27,2112 hrs,9/27,2155 hrs,Theft,Sun Devil Fitness Center,Pending
16-80000237T,9/27,0851 hrs,9/23,0820 hrs,9/27,0820 hrs,Bike Theft,"600 Block of E ApacheBlvd",Pending
16-80000238T,9/27,1637hrs,9/27,1620 hrs,9/27,1620 hrs,Bike Theft,E Apache Blvd,Pending
16-80000246T,9/27,1454 hrs,9/27,1305 hrs,9/27,1415 hrs,Bike Theft,Sun Devil Fitness Center,Pending
16-81939T,9/27,0241 hrs,9/27,0100 hrs,9/27,0300 hrs,Assault,Hassayampa G-Wing,Pending
"",,,,,,,,,
"",,,,,,,,,
"",,,,,,,,,
"",,,,,,,,,
"",,,,,,,,,
"",,,,,,,,,
"",,,,,,,,,
"",,,,,,,,,
Incident #,"DateReported","TimeReported","OccurredFromThru",Description,Location,Disposition,,,
"",,,Date,Time,Date,Time,,,
16-82222T,9/28,0045 hrs,9/28,0040 hrs,9/28,0045 hrs,"DUI- Alcohol, Drug, Vapor, Combination Thereof,DUI- Aggravated, While Suspended for DUI, DUI w/BAC of .08 or Higher, DUI- Extreme w/ BAC of .15or more, but less than .20, Driving While Suspendedfor FTA/FTP","E Lemon St. / S. ForestAve.",Pending
16-82271T,9/28,0646 hrs,9/28,0615 hrs,9/28,0630 hrs,Theft,Life Sciences- E Wing,Pending
16-82352P,9/28,1028 hrs,9/22,1100 hrs,9/22,1700 hrs,Theft,Parking Lot 30,Pending
16-82433T,9/28,1540 hrs,9/28,1530 hrs,9/28,1530 hrs,Theft,Hayden Library,Pending
16-82477T,9/28,1910 hrs,9/28,1910 hrs,9/28,2227 hrs,Under 21 w/ Alcohol in the Body,"E. 15th St. / S. CollegeAve.",Cleared by Arrest
16-82506W,9/28,2030 hrs,9/28,1200 hrs,9/28,2000 hrs,Vehicle Burglary,Parking Lot 6,Pending
16-82512T,9/28,2028 hrs,9/28,2028 hrs,9/28,2028 hrs,Under 21 w/ Alcohol in the Body,Hassayampa Phase 1,Cleared by Arrest
16-82542T,9/28,2151 hrs,9/28,1955 hrs,9/28,2140 hrs,Theft,Sun Devil Fitness Center,Pending
16-82563T,9/28,2301 hrs,9/28,2100 hrs,9/28,2309 hrs,"Possession of Narcotic Drugs, Possession ofDangerous Drugs, Possession of Marijuana,Possession of Drug Paraphernalia",Hassayampa Phase 2,Pending
16-80000245T,9/28,1200 hrs,9/27,1830 hrs,9/27,2100 hrs,Bike Theft,Sun Devil Fitness Center,Pending
"",,,,,,,,,
Incident #,"DateReported","TimeReported","OccurredFromThru",Description,Location,Disposition,,,
"",,,Date,Time,Date,Time,,,
16-82588T,9/29,0047 hrs,9/29,0040 hrs,9/29,0246 hrs,"Possession of Dangerous Drugs, Possession ofMarijuana, Possession of Drug Paraphernalia,","S Rural Rd/ E BroadwayRd",Pending
16-82617T,9/29,0309 hrs,9/29,0309 hrs,9/29,0330 hrs,"Criminal Trespass, Possession of Drug Paraphernalia",Hassayampa Phase 1,Pending
16-82805T,9/29,1533 hrs,9/29,1533 hrs,9/29,1702 hrs,"Fraudulent Use of a Credit Card, Theft of a CreditCard",Memorial Union,Pending
16-82870T,9/29,1944 hrs,9/29,1944 hrs,9/29,1956 hrs,Under 21 With Alcohol in the Body,Vista Villas,Cleared By Arrest
16-82888T,9/29,2024 hrs,9/29,2000 hrs,9/29,2016 hrs,Under 21 With Alcohol in the Body,Vista Villas,Cleared By Arrest
16-82897T,9/29,2049 hrs,9/29,2049 hrs,9/29,2143 hrs,Under 21 With Alcohol in the Body,Vista Villas,Cleared By Arrest
16-82904T,9/29,2104 hrs,9/29,2110 hrs,9/29,2120 hrs,Under 21 With Alcohol in the Body,Vista Villas,Cleared By Arrest
16-82913T,9/29,2130 hrs,9/29,1200 hrs,9/29,1200 hrs,Bike Theft,Memorial Union,Pending
16-82923T,9/29,2210 hrs,9/29,2210 hrs,9/29,2209 hrs,Under 21 With Alcohol in the Body,Vista Villas,Cleared By Arrest
16-82952T,9/29,2320 hrs,9/29,2320 hrs,9/29,0258 hrs,"Possession of Dangerous Drugs, Possession of DrugParaphernalia,  Unlawful to Sell Liquor to UnderAged Person",Manzanita,Pending
16-80000244T,9/29,1205 hrs,9/29,0815 hrs,9/29,1030 hrs,Bike Theft,"400 Block of E LemonSt",Pending
16-80000243T,9/29,1119 hrs,9/29,1105 hrs,9/29,1105 hrs,Bike Theft,"Sun Devil FitnessComplex",Pending
"",,,,,,,,,
Incident #,"DateReported","TimeReported","OccurredFromThru",Description,Location,Disposition,,,
"",,,Date,Time,Date,Time,,,
16-82980T,9/30,0023 hrs,9/30,0023 hrs,9/30,0023 hrs,Possession of Paraphernalia,Talon Hall,Cleared By Arrest
16-82984T,9/30,0039 hrs,9/30,0039 hrs,9/30,0039 hrs,"Possession of Paraphernalia, Possession of DrugParaphernalia",Parking Structure 4,Pending
16-83003T,9/30,0147 hrs,9/30,0147 hrs,9/30,0205 hrs,Reckless Driving,"1500 Block of EBroadway Rd",Cleared By Arrest
16-83092T,9/30,0944 hrs,9/30,0737 hrs,9/30,0737 hrs,Under 21 With Alcohol in the Body,S College Ave/ E 7th St,Cleared By Arrest
16-83097T,9/30,1000 hrs,9/30,0941hrs,9/30,0941 hrs,"Shoplifting, Criminal Trespass","Sun Devil CampusBookstore",Cleared By Arrest
16-83170T,9/30,1451 hrs,9/28,1300 hrs,9/29,1800 hrs,Theft of a Credit Card,Art Building,Pending
16-83177T,9/30,1551 hrs,9/29,2300 hrs,9/29,2300 hrs,Assault,Hassayampa Phase 2,"Cleared byExceptional Means"
16-83184T,9/30,1538 hrs,9/30,0800 hrs,9/30,1500 hrs,Bike Theft,Physical Sciences,Pending
16-83202T,9/30,1741 hrs,9/30,1730 hrs,9/30,1730 hrs,Bike Theft,Walmart,Pending
16-83314T,9/30,2346 hrs,9/30,2346 hrs,9/30,2346 hrs,"Possession of Marijuana, Possession of DrugParaphernalia",Parking Structure 5,Pending
"",,,,,,,,,
"",,,,,,,,,
"",,,,,,,,,
"",,,,,Occurred,,,,
"",Date,Time,,,,,,,
Incident #,,,,From,Thru,,Description,Location,Disposition
"",Reported,Reported,,,,,,,
"",,,Date,Time,Date,Time,,,
